Lon,Lat,Clave,Edo,Est,Tmax
-102.37,21.78,NGRAG,AGS,El Niagara Ags.,23.33870968
-102.79,21.81,MNLAG,AGS,Media Luna Ags.,24.81290323
-102.71,21.85,CALVILLO,AGS,Calvillo Ags. SMN*,25.67419355
-102.29,21.85,OBSAG,AGS,Observatorio de Aguascalientes Ags.,23.35666667
-102.31,21.9,AGSAG,AGS,Aguascalientes Ags.,23.72258065
-102,21.9,CNSAG,AGS,Los Conos Ags.,22.06451613
-102.68,22,CDRAG,AGS,La Codorniz Ags.,23.03448276
-102.36,22.12,JCQAG,AGS,Jocoque Ags.,21.85483871
-102.42,22.14,PECAG,AGS,Plutarco ElÌas Calles Ags.,22.35483871
-102.29,22.16,PBLAG,AGS,PabellÛn Ags.,21.65
-102.14,22.2,PTOAG,AGS,Puerto de la ConcepciÛn Ags.,19.75
-102.44,22.24,PTRAG,AGS,Derivadora PabellÛn Ags.,21.43333333
-102.3,22.36,CSOAG,AGS,CosÌo Ags.,16.2
-102.61,21.27,SIERRAFRIA,AGS,Sierra FrÌa Ags. SMN*,14.38387097
-102.18,21.74,BRTAG,AGS,San Bartolo Ags.,22.6
-102.13,21.81,TNJAG,AGS,La Tinaja 2 Ags.,23.51612903
-102.19,21.83,CLVAG,AGS,Calvillo Ags.,21.96666667
-102.11,21.88,SNVAG,AGS,Sandovales Ags.,19.1
-101.97,21.92,PALAG,AGS,Palo Alto Ags.,21.84333333
-102.36,21.97,UAALAPOSTA,AGS,Universidad AutÛnoma de Aguascalientes Ags. SGT*,20.21833333
-102,22.02,NVLAG,AGS,El Novillo Ags.,19.275
-102.07,22.1,VJZAG,AGS,Villa Ju·rez Ags.,22.29032258
-114.72,29.73,CATAVINA,BC,CataviÒa B.C. SMN*,20.48928571
-114.85,31.03,SFLBN,BC,San Felipe B.C.,21.64074074
-116.6,31.89,ELZBN,BC,Emilio LÛpez Zamora B.C.,20.36538462
-116.2,32.27,AGHBN,BC,Agua Hechicera B.C.,16.43548387
-115.15,32.41,ENLBN,BC,Ejido Nuevo LeÛn B.C.,23.3
-116.91,32.44,ALRBN,BC,Abelardo L. RodrÌguez B.C.,19.75862069
-116.83,32.47,EFLBN,BC,El Florido B.C.,18.03846154
-116.7,32.48,CRRBN,BC,El Carrizo B.C.,19.87096774
-116.3,32.52,HNGBN,BC,El Hongo B.C.,14.35
-114.73,32.7,PDMBN,BC,Presa Derivadora Morelos B.C.,20.40740741
-115.27,32.39,MXCBN,BC,Mexicali B.C.,22.87096774
-115.93,30.52,ENBBN,BC,San QuintÌn B.C.,19.48148148
-114.73,32.7,ALGODONESob,BC,Observatorio de Algodones B.C. SMN*,23.3125
-113.56,28.9,BAABN,BC,BahÌa de los ¡ngeles B.C. SMN*,20.736
-115.94,30.53,SANQUINTIN,BC,San QuntÌn B.C.*,18.88333333
-114.83,30.99,SANFELIPEMAR,BC,San Felipe B.C. SEMAR*,19.41481481
-114.83,31.03,SFELIPEob,BC,Observatorio de San Felipe B.C. SMN*,22.748
-116.37,31.49,ENSBN,BC,Ensenada B.C.,20.14
-116.6,31.89,PLOPEZZAMORA,BC,Presa Emilio LÛpez Zamora B.C. SMN*,18.95806452
-114.97,32.06,ENCINAS,BC,Encinas Johnson Son. REMAS*,22.70322581
-117.07,32.38,PLAYAROSARITO,BC,Playa Rosarito B.C. SMN*,17.584
-115.19,32.41,ENVOLEONob,BC,Observatorio de EnvoleÛn B.C. SMN*,24.05217391
-116.91,32.45,PABELARLRDGZ2,BC,Abelardo L. RodrÌguez. 2 B.C. SMN*,20.29032258
-116.63,32.57,TCTBN,BC,Tecate B.C.,18.564
-116.66,32.57,TECATE,BC,Tecate B.C. SMN*,18.96129032
-115.5,32.64,MEXICALIOB,BC,Mexicali Observatorio B.C. SMN*,23.468
-115.29,32.67,MEXBN,BC,Mexicali B.C. SMN*,22.07419355
-116.64,31.7,PTBBN,BC,Punta Banda B.C.,17.44444444
-116.21,32.27,RUMOROSA,BC,La Rumorosa B.C. SMN*,16.33913043
-111.35,26.01,BLORETO,BCS,BahÌa de Loreto B.C.S. SMN*,24.93548387
-109.92,22.89,SANLUCAS,BCS,Cabo San Lucas B.C.S. SMN*,26.67666667
-109.93,22.9,CSLBS,BCS,Cabo San Lucas B.C.S.,28.12903226
-109.71,23.07,SJCBS,BCS,San JosÈ del Cabo B.C.S.,26.44516129
-110.22,23.43,TSNBS,BCS,Todos Santos B.C.S.,25.56451613
-109.72,23.45,SNTBS,BCS,Santiago B.C.S.,26.1483871
-109.55,23.58,RBRBS,BCS,La Ribera B.C.S.,24
-109.7,23.68,LBABS,BCS,Los Barriles B.C.S.,27.64516129
-109.84,23.74,SBABS,BCS,San Bartolo B.C.S.,23.73225806
-110.05,23.8,SANBS,BCS,San Antonio B.C.S.,26.82258065
-109.98,24.07,PLNBS,BCS,Los Planes B.C.S.,25.58064516
-109.98,24.07,SARBS,BCS,El Sargento B.C.S.,24.09677419
-110.37,24.15,LPZBS,BCS,La Paz B.C.S.,24.96774194
-111.66,25,CCNBS,BCS,Ciudad ConstituciÛn B.C.S.,27.12903226
-111.34,26.02,LRTBS,BCS,Loreto B.C.S.,24.74193548
-112.28,27.3,SRLBS,BCS,Santa RosalÌa B.C.S.,21.61290323
-113.42,27.78,DORBS,BCS,DÌaz Ordaz B.C.S.,21.51724138
-114.05,27.97,GNGBS,BCS,Guerrero Negro B.C.S.,20.71724138
-112,26.87,MLGBS,BCS,MulegÈ B.C.S.,23.61290323
-110,23.56,SLAGUNA,BCS,Sierra La Laguna B.C.S. SMN*,18.99032258
-110.32,24.12,LAPAZob,BCS,Observatorio de La Paz B.C.S. SMN*,25.288
-111.83,24.48,PCORTESMAR,BCS,Puerto CortÈs B.C.S. SEMAR*,24.37931034
-111.65,25.01,CDCONSTITUCIONo,BCS,Observatorio de Ciudad ConstituciÛn B.C.S. SGT*,27.775
-112.48,26.26,SANJUANICO,BCS,San Juanico B.C.S. SMN*,25.13
-112.1,27.09,STAROSALIAMAR,BCS,Santa RosalÌa B.C. SEMAR*,22.69
-113.46,27.64,DIAZORDAZBN,BCS,Gustavo DÌaz Ordaz B.C.S.*,22.50645161
-89.4,18.5,XPJCA,CAMP,Xpujil Camp.,29.30645161
-89.89,18.09,CALAKMUL,CAMP,Calakmul Camp. SMN*,28.72666667
-91.05,18.18,CNDCA,CAMP,Candelaria Camp.,30.46666667
-92.09,18.25,PLZCA,CAMP,Palizada Camp.,28.69354839
-90.74,18.6,ESCCA,CAMP,Esc·rcega Camp.,31.8
-91.76,18.65,CARCA,CAMP,El Carmen Camp.,29.7037037
-91.18,18.97,SBNCA,CAMP,Sabancuy Camp.,29.31034483
-90.58,19.3,CANCA,CAMP,Canasayab Camp.,30.26666667
-90.72,19.36,CHMCA,CAMP,ChampotÛn Camp.,30.55172414
-90.22,19.61,NYXCA,CAMP,Noh-YaxchÈ Camp.,31.48064516
-89.86,19.66,XCPCA,CAMP,Xcupil Camp.,30.26666667
-89.85,19.75,HPOCA,CAMP,Hopelchen Camp.,29.4516129
-90.5,19.83,CAMPECHEob,CAMP,Observatorio de Campeche Camp. SMN*,30.75
-90.54,19.84,CMPCA,CAMP,Campeche Camp.,29.87931034
-90.51,19.84,COBCA,CAMP,Observatorio de Campeche Camp.,30.94482759
-89.74,20,BOLCA,CAMP,Bolonchen Camp.,30.63
-90.11,20.18,HECCA,CAMP,Hecelchak·n Camp.,32.16129032
-90.82,18.06,MONCLOVACAMP,CAMP,Monclova Camp. SMN*,32.53448276
-90.76,18.61,ESCARCEGA,CAMP,Esc·rcega Camp. SMN*,29.69354839
-91.82,18.65,CDCCA,CAMP,Ciudad del Carmen Camp. SMN*,28.68214286
-90.37,19.94,PETENES,CAMP,Los Petenes Camp. SMN*,29.33225806
-105.16,26.74,VICCH,CHIH,Villa Coronado Chih.,23.26923077
-107.07,26.81,GRCCH,CHIH,Guerachi Chih.,27.03571429
-107.88,26.87,IGNCH,CHIH,San Ignacio Chih.,23.464
-107.88,26.87,INGCH,CHIH,San Ignacio Chih.,24.64705882
-105.68,26.92,PRRCH,CHIH,Parral Chih.,21.33225806
-107.97,26.94,TBRSI,CHIH,San Francisco Chih.,30.02692308
-107.72,27.03,BTPCH,CHIH,Batopilas Chih.,26.32258065
-104.91,27.13,JMNCH,CHIH,JimÈnez Chih.,21.70689655
-107.92,27.22,URICH,CHIH,Urique Chih. SMN*,26.17096774
-107.91,27.22,URECH,CHIH,Urique Chih.,27.50967742
-108.54,27.42,CNDCH,CHIH,ChÌnipas Chih.,24.81612903
-105.81,27.45,VZRCH,CHIH,Valle de Zaragoza Chih.,22.06451613
-105.41,27.54,LBQCH,CHIH,La Boquilla Chih.,20.88888889
-105.63,28.17,FIMCH,CHIH,Francisco I. Madero Chih.,20.15384615
-108.21,28.21,BSSCH,CHIH,Basaseachi Chih.,17.52903226
-105.45,28.21,CDLCH,CHIH,Ciudad Delicias Chih.,21.63703704
-107.48,28.48,AGZCH,CHIH,Abraham Gonz·lez Chih.,16.09032258
-106.09,28.66,QIJCH,CHIH,Observatorio de Chihuahua Chih.,20.57931034
-107.85,28.95,TMCCH,CHIH,TemÛsachic Chih.,18.41290323
-105.28,28.98,LLNCH,CHIH,Ing. Luis L. LeÛn Chih.,21.58214286
-108.3,29.2,GPCCH,CHIH,Guapoca Chih.,19.16774194
-107.38,29.56,TNTCH,CHIH,El Tintero Chih.,19.09677419
-104.41,29.56,OJNCH,CHIH,Ojinaga Chih.,19.72413793
-107.03,29.88,LJSCH,CHIH,Las Lajas Chih.,15.87096774
-107.93,30.38,CAGCH,CHIH,Casas Grandes Chih.,17.47741935
-106.4,31.74,CJZCH,CHIH,Ciudad Ju·rez Chih.,16.9375
-108.52,28.15,C08182,CHIH,Moris,23.5483871
-105.38,27.41,CL2CH,CHIH,Colina hidromÈtrica Chih.,21.69354839
-107.7,28.76,C08243,CHIH,Tejolocachi,17.56451613
-105.96,28.77,C08270,CHIH,La Mesa,20.81935484
-106.48,28.8,C08099,CHIH,Majalca,15.42666667
-108.09,29.25,C08219,CHIH,PeÒitas,13.57666667
-107.26,28.77,BACCH,CHIH,BachÌniva Chih.,15.86451613
-106.77,26.23,CHNCH,CHIH,Chinat˙ Chih. SMN*,18.80666667
-106.39,26.47,ELVERGELSMN,CHIH,El Vergel Chih. SMN*,13.45806452
-107.07,26.82,GCCCH,CHIH,Guachochi Chih. SMN*,14.63225806
-106.35,26.95,CONCHOSob,CHIH,Observatorio de Conchos Chih. SMN*,21.45909091
-107.99,27.86,MAGCH,CHIH,Maguarichi Chih. SMN*,19.58
-107.9,27.9,BTVCH,CHIH,Batovira Chih.,18.07692308
-105.5,28.17,DELICIAS,CHIH,Ciudad Delicias Chih. SMN*,21.73870968
-108.21,28.2,BASCH,CHIH,Basaseachi Chih. SMN*,17.64137931
-106.84,28.4,CDCUAUHTEMOC,CHIH,Ciudad CuauhtÈmoc Chih. SMN*,17.18
-106.03,28.67,CHIHUAHUAob,CHIH,Observatorio de Chihuahua Chih. SMN*,20.272
-106.49,28.8,MAJALCA,CHIH,Cumbres de Majalca Chih. SMN*,15.87741935
-107.82,28.95,TEMOSACHICob,CHIH,Observatorio de TemÛsachic Chih. SMN*,18.528
-104.43,29.58,OJINAGA,CHIH,Ojinaga Chih. SGT*,20.12068966
-108.43,30.84,JANOS,CHIH,Janos Chih. SMN*,16.99354839
-106.43,31.69,CDJUAREZob,CHIH,Observatorio de Ciudad Ju·rez Chih. SMN*,17.45714286
-107.97,26.94,TB2CH,CHIH,Tubares II Chih.,28.21764706
-92.4,15,HUECP,CHIS,Huehuet·n Chis.,37.63793103
-92.26,14.91,TAPCP,CHIS,Tapachula Chis.,35.78148148
-92.47,15.13,HUICP,CHIS,Huixtla Chis.,38.65517241
-92.58,15.2,DESCP,CHIS,Despoblado Chis.,37.4962963
-92.67,15.32,ESCCP,CHIS,Escuintla Chis.,36.15517241
-92.72,15.35,CACCP,CHIS,Cacaluta Chis.,34.89285714
-92.88,15.45,MAPCP,CHIS,Mapastepec Chis.,33.79310345
-92.95,15.5,ELNCP,CHIS,El Novillero Chis.,35.60344828
-93.22,15.69,PIJCP,CHIS,Pijijiapan Chis.,36.56896552
-92.28,15.75,CHMCP,CHIS,Chicomuselo Chis.,31.07931034
-92.24,15.78,SMICP,CHIS,San Miguel Chis.,33.63225806
-93.06,16.45,SDOCP,CHIS,Santo Domingo Chis.,31.53225806
-91.97,15.85,PCOCP,CHIS,Puente Concordia Chis.,29.87096774
-92.72,15.87,JAPCP,CHIS,Jaltenango Chis.,30.5862069
-93.53,15.88,TPICP,CHIS,Tres Picos Chis.,35.39655172
-92.67,15.92,REFCP,CHIS,Reforma Chis.,30.01612903
-93.08,16.16,REVCP,CHIS,RevoluciÛn Mexicana Chis.,30.54516129
-92.1,16.2,COOCP,CHIS,Observatorio de Comit·n Chis.,23.93548387
-93.9,16.24,AROCP,CHIS,Arriaga Chis.,34.94642857
-92.48,16.31,CASCP,CHIS,Cascajal Chis.,31.36333333
-92.78,16.4,ANGCP,CHIS,Doctor Belisario DomÌnguez Chis.,32.70967742
-92.8,16.55,ACACP,CHIS,Acala Chis.,31.61612903
-90.7,16.58,LACCP,CHIS,Lacant˙n Chis.,28.75
-93.15,16.64,BOQCP,CHIS,BoquerÛn Chis.,33.5
-92.63,16.73,SCOCP,CHIS,Observatorio de San CristÛbal Chis.,21.22580645
-93.13,16.75,TXOCP,CHIS,Observatorio de Tuxtla GutiÈrrez Chis.,31.444
-93.1,16.76,TUXCP,CHIS,Tuxtla Oriente Chis.,30.24137931
-93.15,16.76,TUXTLAGTZob,CHIS,Observatorio de Tuxtla GutiÈrrez Chis. SMN*,32.1375
-92.82,16.94,SNACP,CHIS,Santa MarÌa Chis.,28.58333333
-93.1,16.94,CHICP,CHIS,Manuel Moreno Torres Chis.,30.44827586
-93.12,16.98,GRICP,CHIS,Grijalva Chis.,31.98709677
-93.33,17.12,YAMCP,CHIS,YamonhÛ Chis.,26.38888889
-93.6,17.18,MALCP,CHIS,NezahualcÛyotl Chis.,29.6875
-93.38,17.42,SAYCP,CHIS,Sayula Chis.,29.74137931
-93.46,17.45,PENCP,CHIS,¡ngel Albino Corzo Chis.,28.56521739
-92.35,17.57,SAACP,CHIS,Salto de Agua Chis.,27.77777778
-92.24,14.99,TAMCP,CHIS,Tapachula Malpaso Chis.,32.41666667
-92.15,15.09,VTACANA,CHIS,Volc·n Tacan· Chis. SMN*,29.02
-92.62,16.74,SCRCP,CHIS,Puente Morelos Chis.,20.43103448
-93.07,16.72,TXZCP,CHIS,Tuxtla GutiÈrrez Zoomat Chis.,30.04285714
-92.33,15.17,FHACP,CHIS,Finca Hamburgo Chis.,29.94444444
-92.3,14.89,TAPACHULAob,CHIS,Observatorio de Tapachula Chis. SMN*,35.5875
-92.4,14.7,PTOCHIAPASMAR,CHIS,Puerto Chiapas Chis. SEMAR*,31.4
-92.76,15.07,LAENCRUCIJADA,CHIS,La Encrucijada Chis. SGT*,31.61290323
-92.67,15.33,ESCUINTLA,CHIS,Escuintla Chis. SMN*,34.96666667
-92.81,15.66,ELTRIUNFO,CHIS,El Triunfo Chis. SMN*,19.78518519
-93.86,16.06,PAREDONMAR,CHIS,ParedÛn Chis. SEMAR*,32.97333333
-91.73,16.11,LMONTEBELLO,CHIS,Lagunas de Montebello Chis. SMN*,23.07333333
-93.08,16.17,CREDREVOLUCIONM,CHIS,Cred RevoluciÛn Mexicana Chis. SMN*,30.65483871
-93.91,16.24,CREDARRIAGA,CHIS,Cred Arriaga Chis. SMN*,33.00322581
-92.63,16.73,SNCRISTOBALob,CHIS,Observatorio de San CristÛbal Chis. SMN*,21.944
-91.52,16.81,MAZULES,CHIS,Montes Azules Chis. SMN*,28.27931034
-91.23,17.29,CUSUMACINTA,CHIS,CaÒÛn Usumacinta Tab. SMN*,30.10357143
-91.99,17.53,PLQCP,CHIS,Palenque Chis. SMN*,28.8862069
-103.7,27.29,SMJCL,COAH,Sierra Mojada Coah.,18.64
-100.92,25.44,ESLCL,COAH,E. C. Saltillo Coah.,19.53
-103.26,25.77,FIMCL,COAH,Francisco I. Madero Coah.,21.11111111
-101.12,29.15,CBRCL,COAH,Cabeceras Coah.,20.53571429
-101.02,25.38,STOCL,COAH,Saltillo Coah.,19.67857143
-103.45,25.53,TORREONob,COAH,Observatorio de TorreÛn Coah. SMN*,24.38
-103.45,25.54,TORCL,COAH,Observatorio de TorreÛn Coah.,23.81612903
-103.47,25.54,CYTCL,COAH,Coyote Coah.,22.81666667
-100.93,25.56,ARACL,COAH,Ramos Arizpe Aeropuerto Coah.,20.73928571
-102.98,25.76,SPECL,COAH,San Pedro Coah.,23.925
-100.66,26.84,CDLCL,COAH,Candela Coah.,21.75357143
-101.42,26.91,MCVCL,COAH,Monclova Coah.,22.67096774
-102.06,26.98,CCGCL,COAH,Cuatro CiÈnegas Coah.,23.6
-101,27.42,PRSCL,COAH,Progreso Coah.,23.53571429
-100.62,27.52,VCRCL,COAH,Venustiano Carranza Coah.,22.26666667
-101.12,27.85,SBNCL,COAH,Sabinas Coah.,21.79032258
-100.53,28.71,PNGCL,COAH,Piedras Negras Coah.,21.74074074
-100.9,29.03,ZPTCL,COAH,Zapata Coah.,19.80645161
-100.95,29.03,SMGCL,COAH,San Miguel Coah.,21.54166667
-100.95,29.21,CNTCL,COAH,El Centenario Coah.,21.05862069
-100.95,29.33,CDACL,COAH,Ciudad AcuÒa Coah.,20.71428571
-101.06,29.45,AMSCL,COAH,Internacional La Amistad Coah.,19.29032258
-100.58,25.27,SAACL,COAH,San Antonio de las Alazanas Coah.,21.91304348
-102.18,25.44,PARCL,COAH,Parras Coah.,21.7
-100.84,28.34,ADLCL,COAH,Allende Coah.,22.18333333
-101.02,25.38,SALCL,COAH,Observatorio de Saltillo Coah.,20.34827586
-101.02,25.38,SALTILLOob,COAH,Observatorio de Saltillo Coah. SMN*,20.168
-103.23,25.53,MATCL,COAH,Matamoros Coah.,22.67857143
-103.34,25.7,CUICL,COAH,El Cuije Coah.,24.09375
-101.43,26.9,MONCLOVAob,COAH,Observatorio de Monclova Coah. SMN*,23.38709677
-102.04,26.99,CUATROCIENEGAS,COAH,Cuatro Cienegas Coah. SMN*,22.1516129
-101.33,27.92,NUEVAROSITA,COAH,Nueva Rosita Coah. SMN*,23.1516129
-101.21,28.4,SANTACECILIA,COAH,Santa Cecilia Coah. SMN*,20.53870968
-100.57,28.68,PNEGRASob,COAH,Observatorio de Piedras Negras Coah. SMN*,24.3375
-102.52,28.83,OCAMPO,COAH,Ocampo Coah. SMN*,15.32903226
-100.66,29.05,JIMENEZ,COAH,JimÈnez Coah. SGT*,21.39677419
-103.87,19.17,LAECM,COL,La Esperanza Col.,33.3
-103.72,18.75,CDOCM,COL,Cerro de Ortega Col.,33.44642857
-103.77,18.81,LDACM,COL,Laguna de Amela Col.,33.16451613
-103.63,18.83,CLLCM,COL,Callejones Col.,35.46666667
-103.87,18.91,TCMCM,COL,Tecom·n Col.,36.27419355
-104.32,19.04,MNZCM,COL,Manzanillo Col.,31.75185185
-103.8,19.21,CQMCM,COL,Coquimatl·n Col.,32.8
-103.73,19.22,LPSCM,COL,La Posta Col.,32.93870968
-103.73,19.22,RDRCM,COL,Radar Col.,32.51612903
-103.61,19.25,BVSCM,COL,Buena Vista Col.,32.27586207
-103.81,19.32,PNTCM,COL,PeÒitas Col.,32.61111111
-103.6,19.32,CUACM,COL,CuauhtÈmoc Col.,30.76153846
-103.88,19.11,DJLCM,COL,Derivadora Jala Col.,33.12068966
-110.95,18.73,ISOCORROMAR,COL,Isla Socorro Col. SEMAR*,28.11111111
-104.32,19.05,MANZANILLOob,COL,Observatorio de Manzanillo Col. SMN*,31.124
-104.3,19.07,MANZANILLOMAR,COL,Manzanillo Col. SEMAR*,30.77096774
-103.73,19.23,COLIMAob,COL,Observatorio de Colima Col. SMN*,32.428
-99.2,19.3,DATDF,DF,DesviaciÛn Alta Cd. de MÈx.,23.29032258
-99.17,19.45,CBIDF,DF,Escuela Nacional de Ciencias BiolÛgicas IPN Cd. de MÈx. SMN*,22.16774194
-99.07,19.47,SJADF,DF,San Juan de AragÛn Cd. de MÈx.,24.49666667
-99.14,19.52,CEADF,DF,Campamento Amealco Cd. de MÈx.,24.31612903
-99.09,19.48,GCNDF,DF,km 6+250 del Gran Canal Cd. de MÈx.,21.79677419
-99.12,19.27,ENP1,DF,Escuela Nacional Preparatoria 1 Cd. de MÈx. UNAM*,21.68148148
-99.2,19.31,CCHS,DF,Colegio de Ciencias y Humanidades Sur Cd. de MÈx. UNAM*,21.82962963
-99.2,19.31,CENAPRED,DF,CCA CENAPRED Cd. de Mex. SMN*,23.06533333
-99.16,19.35,ENP6,DF,Escuela Nacional Preparatoria 6 Cd. de MÈx. UNAM*,23.2375
-99.06,19.38,CCHO,DF,Colegio de Ciencias y Humanidades Oriente Cd. de MÈx. UNAM*,22.36153846
-99.1,19.39,TEZDF,DF,Tezontle Cd. de MÈx. SMN*,22.29677419
-99.1,19.39,ENP2,DF,Escuela Nacional Preparatoria 2 Cd. de MÈx. UNAM*,23.05925926
-99.2,19.4,TACUBAYAob,DF,Observatorio de Tacubaya Cd. de MÈx. SMN*,22.25416667
-99.2,19.4,ENP4,DF,Escuela Nacional Preparatoria 4 Cd. de MÈx. UNAM*,21.768
-99.19,19.42,MDELREY,DF,Molino del Rey Cd. de Mex. SMN*,22.7
-99.17,19.45,CBIOLOGIPN,DF,Eescuela Nacional de Ciencias BiolÛgicas IPN Cd. de MÈx. OCAVM*,25.95483871
-99.09,19.48,ENP3,DF,Escuela Nacional Preparatoria 3 Cd. de MÈx. UNAM*,23.2
-99.2,19.5,CCHA,DF,Colegio de Ciencias y Humanidades Azcapotzalco Cd. de MÈx. UNAM*,23.63571429
-104.56,25.18,RDODR,DGO,Rodeo Dgo.,21.53571429
-102.78,24.63,SJGDR,DGO,San Juan de Guadalupe Dgo.,24.2
-104.29,25.56,SPGDR,DGO,San Pedro del Gallo Dgo.,22.62962963
-103.35,24.47,SCLDR,DGO,Santa Clara Dgo.,22.32
-104.68,23.87,SBYDR,DGO,Santiago Bayacora Dgo.,20.5
-104.75,23.96,GVCDR,DGO,Presidente Guadalupe Victoria Dgo.,18.31666667
-103.96,24,FVLDR,DGO,Francisco Villa Dgo.,21.62
-104.67,24.03,DRGDR,DGO,Durango Dgo.,23.23448276
-104.12,24.44,CGVDR,DGO,Ciudad Guadalupe Victoria Dgo.,20.19354839
-104.75,24.5,CNTDR,DGO,Canatl·n Dgo.,20.6
-104.81,24.54,CBRDR,DGO,Caboraca Dgo.,18.12962963
-103.08,24.61,SELDR,DGO,Santa Elena Dgo.,19.83333333
-106.54,24.7,TDRDR,DGO,El Tule del Real Dgo.,28.125
-103.7,24.87,CNCDR,DGO,CuencamÈ Dgo.,21.75806452
-106.98,24.93,TMZDR,DGO,Tamazula Dgo.,31.10344828
-105.42,25.04,SPPDR,DGO,Santiago Papasquiaro Dgo.,24.64827586
-105.44,25.22,SACDR,DGO,SalomÈ Acosta Dgo.,21.21290323
-104.07,25.26,AGUSTINMELGAR,DGO,AgustÌn Melgar Dgo. SMN*,24.07741935
-103.77,25.27,FZRDR,DGO,Francisco Zarco Dgo.,22.19354839
-105.25,25.5,GESDR,DGO,General Escobedo Dgo.,16.6
-103.52,25.53,CLRDR,DGO,Ciudad Lerdo Dgo.,21.48333333
-105.02,25.59,LCRDR,DGO,L·zaro C·rdenas Dgo.,23.08823529
-103.85,25.82,MPMDR,DGO,MapimÌ Dgo.,29.31578947
-105.96,25.93,GNCDR,DGO,Guanacevit Dgo.,17.35172414
-105.37,25.95,SMODR,DGO,Santa MarÌa del Oro Dgo.,18.44230769
-103.44,26.11,THODR,DGO,Tlahualilo Dgo.,23
-104.93,26.24,VHGDR,DGO,Villa Hidalgo Dgo.,21.37096774
-105.56,26.44,SGBDR,DGO,San Gabriel Dgo.,27.625
-105.51,26.45,VOCDR,DGO,Villa Ocampo Dgo.,26
-104.12,26.52,CEBDR,DGO,Ceballos Dgo.,21.90322581
-105.72,25.34,TLHDR,DGO,Tepehuanes Dgo.,21.38666667
-105.5,26.44,VILLAOCAMPO,DGO,Villa Ocampo Dgo. SMN*,21.24193548
-105.53,26,SBEDR,DGO,San Bernardo Dgo.,22.22580645
-104.66,24.2,PAGDR,DGO,PeÒa del ¡guila Dgo.,17.51724138
-104.33,24.54,PDCDR,DGO,P·nuco de Coronado Dgo.,17.46153846
-104.28,25.08,SLCDR,DGO,San Luis del Cordero Dgo.,20.05
-103.98,23.74,VGCDR,DGO,Vicente Guerrero Dgo.,21.32258065
-105.67,23.75,SLTDR,DGO,El Salto Dgo.,17.875
-104.92,24.8,GUADR,DGO,GuatimapÈ Dgo.,17.9
-105.05,23.9,NAVDR,DGO,Navios Viejos Dgo.,18.5483871
-104.67,23.87,SB2DR,DGO,Santiago Bayacora hidromÈtrica Dgo.,20.14516129
-104.75,23.96,GVHDR,DGO,Guadalupe Victoria Dgo.,18.40967742
-103.96,24,FV2DR,DGO,Francisco Villa hidromÈtrica Dgo.,21.5
-104.66,24.24,PA2DR,DGO,PeÒa del ¡guila hidromÈtrica Dgo.,17.7
-104.8,24.52,CB2DR,DGO,Caboraca hidromÈtrica Dgo.,18.7173913
-103.28,25.07,LFLDR,DGO,La Flor Coah.,23.73548387
-102.78,24.56,TGRDR,DGO,El Tigre Dgo.,23.56
-104.6,24.09,DURANGOob,DGO,Observatorio de Durango Dgo. SMN*,21.98
-105.47,24.19,LASVEGAS,DGO,Las Vegas Dgo.,16.70967742
-104.5,24.79,SJNDR,DGO,San Juan del RÌo Dgo.,20.52380952
-105.72,25.34,TEPEHUANESob,DGO,Observatorio de Tepehuanes Dgo. SMN*,21.22
-104.9,25.75,RPADR,DGO,RADAR PALMITO,18.10344828
-103.75,26.69,MAPIMI,DGO,MapimÌ Dgo. SMN*,22.42903226
-104.25,23.39,MICHILIA,DGO,La Michilia Dgo. SMN*,17.78333333
-104.7,24,CAGDR,DGO,Campo AgrÌcola Dgo.,21.36538462
-103.98,26.55,LAFLOR,DGO,La Flor de Jimulco Dgo. SMN*,21.82666667
-106.37,26.13,ROSDR,DGO,La Rosilla Dgo.,16.3952381
-98.5,16.66,QTZGR,GRO,Quetzala Gro.,33.35483871
-98.51,17.62,IXTGR,GRO,Ixcateopan de Tlapa Gro.,33.06451613
-99.93,17.6,YXTGR,GRO,Yextla Gro.,24.34193548
-99.48,16.8,SNMGR,GRO,San Marcos Gro.,36.85714286
-100.52,18.08,AFIGR,GRO,AndrÈs Figueroa Gro.,33.73793103
-99.61,18.55,TAXGR,GRO,Taxco Gro.,24.18181818
-98.41,16.47,CNLGR,GRO,Cuajinicuilapa Gro.,33.875
-98.43,16.68,OMEGR,GRO,Ometepec Gro.,26.62903226
-99.24,16.76,LDGGR,GRO,Las Vigas Gro.,32.00645161
-99.8,16.8,ODAGR,GRO,Observatorio de Acapulco Gro.,34.14642857
-99.91,16.85,ACAGR,GRO,Acapulco Gro.,30.16129032
-99.1,16.95,AYUGR,GRO,Ayutla Gro.,34.57142857
-100.02,16.96,LDCGR,GRO,Laguna de Coyuca Gro.,29.5
-99.78,16.97,K21GR,GRO,km 21 Gro.,35.61111111
-100.47,17.14,SJEGR,GRO,San JerÛnimo Gro.,32.28333333
-100.43,17.21,ATYGR,GRO,Atoyac Gro.,36.60344828
-101.05,17.38,CYQGR,GRO,Coyuquilla Gro.,33.78214286
-99.45,17.48,PETGR,GRO,Petaquillas Gro.,29
-98.6,17.5,TLPGR,GRO,Tlapa Gro.,31.5
-99.5,17.55,CHIGR,GRO,Chilpancingo Gro.,29.27692308
-99.4,17.57,TXTGR,GRO,Tixtla Gro.,30.12903226
-99.52,17.58,AERGR,GRO,Aeropuerto de Chilpancingo Gro.,29.84230769
-99.5,17.6,ODZGR,GRO,Observatorio de Zumpango Gro.,28.51935484
-99.18,17.61,CHLGR,GRO,Chilapa Gro.,26.74090909
-99.7,17.67,CCHGR,GRO,Chichihualco Gro.,30.82580645
-98.74,17.78,OLNGR,GRO,Olinala Gro.,37.96428571
-99.98,17.79,TLAGR,GRO,Tlacotepec Gro.,20.51935484
-101.54,17.86,ZHTGR,GRO,Zihuatanejo Gro.,36.32
-98.49,17.9,XXHGR,GRO,Xochihuehuetl·n Gro.,33.4862069
-99.55,18.35,IGLGR,GRO,Iguala Gro.,32.2
-100.66,18.36,CALGR,GRO,Ciudad Altamirano Gro.,34.67857143
-100.27,18.38,VGRGR,GRO,Vicente Guerrero Gro.,37.98275862
-101,18.42,LCLGR,GRO,La Calera Gro.,32.6
-99.4,18.46,BVSGR,GRO,Buena Vista Gro.,28.01612903
-99.37,17.47,MCHGR,GRO,Mochitl·n Gro.,28.19047619
-99.91,16.82,ACAPULCOMAR,GRO,Acapulco Gro. SEMAR*,34.41851852
-98.84,17.41,CRUCERODEL,GRO,Crucero de L. Gro. ProtecciÛn Civil*,19.63
-100.5,18.15,AJCGR,GRO,Ajuchitl·n Gro.,25.28571429
-99.23,16.76,LASVIGAS,GRO,Las Vigas Gro. ProtecciÛn Civil*,34.61333333
-99.75,16.76,ACAPULCOob,GRO,Observatorio de Acapulco Gro. SMN*,32.67916667
-100.44,17.21,ATOYAC,GRO,Atoyac Gro. SMN*,37.34333333
-101.06,17.27,PTOVICENTEMAR,GRO,Puerto Vicente Gro. SEMAR*,31.50434783
-99.5,17.55,CHILPANCINGOob,GRO,Observatorio de Chilpancingo Gro. SMN*,29.668
-101.55,17.64,ZIHUATANEJO,GRO,Zihuatanejo Gro. SMN*,34.69666667
-102.12,17.98,PETACALCO,GRO,Petacalco Gro. SMN*,31.83333333
-99.47,18.3,VTRGR,GRO,Valerio Trujano Gro.,31.97931034
-101.47,21.07,COMGJ,GTO,Comanjilla Gto.,24.94516129
-101.22,21.48,SFEGJ,GTO,San Felipe Gto.,19.45806452
-100.36,20.2,CORGJ,GTO,Coroneo Gto.,23.41935484
-101.11,21.32,LQMGJ,GTO,La Quemada Gto.,20.5
-100.5,21.22,POZGJ,GTO,Pozos Gto.,21.01
-101.02,20.43,SMAGJ,GTO,San Miguel de Allende Gto.,22.66129032
-100.75,20.58,SMOGJ,GTO,San Miguel Octopan Gto.,24.46551724
-100.72,20.03,ACNGJ,GTO,Ac·mbaro Gto.,24.32258065
-100.67,20.05,SLSGJ,GTO,SolÌs Gto.,24.12580645
-100.52,20.13,JCRGJ,GTO,JerÈcuaro Gto.,26.91935484
-100.9,20.28,ECBGJ,GTO,El Cubo Gto.,22.96666667
-100.88,20.21,SLVGJ,GTO,Salvatierra Gto.,25.5483871
-101.36,20.28,LJIGJ,GTO,Las JÌcamas Gto.,24.08064516
-100.75,20.28,TARGJ,GTO,Tarimoro Gto.,23.96774194
-101.07,20.29,LDYGJ,GTO,Laguna de Yuriria Gto.,23.51935484
-101.07,20.3,SRTGJ,GTO,Santa Rita Gto.,23.37741935
-101.18,20.39,VDSGJ,GTO,Valle de Santiago Gto.,24.51724138
-101.02,20.4,SJLGJ,GTO,Santa Julia Gto.,24.93870968
-101.52,20.43,ABSGJ,GTO,Abasolo Gto.,25.29677419
-101.74,20.44,GLNGJ,GTO,La Golondrina Gto.,22.80645161
-100.62,20.45,APSGJ,GTO,Apaseo el Alto Gto.,23.69354839
-100.95,20.48,CRTGJ,GTO,Cort·zar Gto.,24.79032258
-101.63,20.5,ATBGJ,GTO,Agua Tibia Gto.,25.20967742
-101.13,20.52,PERGJ,GTO,Pericos Gto.,24.61666667
-100.82,20.53,CLYGJ,GTO,Celaya Gto.,25.5
-100.68,20.53,AEGGJ,GTO,Apaseo el Grande Gto.,26.77419355
-100.58,20.55,AMCGJ,GTO,Ameche Gto.,23.5
-101.2,20.57,SLMGJ,GTO,Salamanca Gto.,25.51612903
-101.3,20.6,TEMGJ,GTO,TemascatÌo Gto.,26.18387097
-101.67,20.62,CRMGJ,GTO,Cuer·maro Gto.,25.72258065
-101.84,20.68,LADGJ,GTO,Las Adjuntas Gto.,24.06666667
-101.35,20.68,IRPGJ,GTO,Irapuato Gto.,23.41935484
-101.37,20.73,ECNGJ,GTO,El Conejo Gto.,25.43793103
-100.83,20.85,IALGJ,GTO,Ignacio Allende Gto.,24.32903226
-101.29,20.87,PRSGJ,GTO,La PurÌsima Gto.,25.53333333
-100.9,20.95,CSRGJ,GTO,Cinco SeÒores Gto.,23.79032258
-101.26,21.01,GTOGJ,GTO,Guanajuato Gto.,22.78387097
-101.83,21.05,BRRGJ,GTO,El Barrial Gto.,24.06896552
-101.67,21.1,LENGJ,GTO,LeÛn Gto.,24
-100.93,21.15,DHGGJ,GTO,Dolores Hidalgo Gto.,26.97419355
-101.69,21.17,EPLGJ,GTO,El Palote Gto.,24.32580645
-101.67,21.2,CSTGJ,GTO,Los Castillos Gto.,25.11
-101.63,21.29,BARBOSA,GTO,Barbosa Gto. ProtecciÛn Civil*,20.26
-100.09,21.3,XICGJ,GTO,Xich˙ Gto.,25.22666667
-100.52,21.3,SLPGJ,GTO,San Luis de la Paz Gto.,24.11666667
-101.52,21.63,OCMGJ,GTO,Ocampo Gto.,19.61290323
-100.87,20.38,LGVGJ,GTO,Presa la Gavia Gto.,25.80645161
-101.63,20.51,CORRALEJO,GTO,Corralejo Hidalgo Gto. ProtecciÛn Civil*,26.00322581
-102,20.8,FRIAS,GTO,FrÌas Gto. ProtecciÛn Civil*,24.3483871
-100.82,20.85,PALGJ,GTO,Presa Allende Gto. SMN*,23.21935484
-101.2,20.9,ECHGJ,GTO,El ChapÌn Gto.,25.43548387
-101.25,21.02,GUANAJUATOob,GTO,Observatorio de Guanajuato Gto. SMN*,24.504
-100.88,21.1,PNLGJ,GTO,PeÒuelitas Gto.,22.87037037
-100.5,21.22,MINERALPOZOS,GTO,Mineral de Pozos Gto. ProtecciÛn Civil*,17.22
-99.83,21.32,SGORDAII,GTO,Sierra Gorda 2 Gto. SMN*,19.43666667
-99.31,19.96,PRQHD,HGO,Requena Hgo.,24.45
-98.33,20.06,PERHD,HGO,La Esperanza Hgo.,22.08
-98.37,20.08,TLGHD,HGO,Tulancingo Hgo.,22.83666667
-98.75,20.12,PCOHD,HGO,Observatorio de Pachuca Hgo.,22.61724138
-99.36,20.16,ENDHD,HGO,EndhÛ Hgo.,23.96666667
-99.22,20.24,MXQHD,HGO,Mixquiahuala Hgo.,23.93548387
-98.94,20.27,ACTHD,HGO,Actopan Hgo.,24.48387097
-99.33,20.36,PRGHD,HGO,Javier Rojo GÛmez Hgo.,24.61612903
-99.38,20.44,PVAHD,HGO,Vicente Aguirre Hgo.,24.89677419
-99.22,20.48,IXMHD,HGO,Ixmiquilpan Hgo.,23.83333333
-98.76,20.59,LMTHD,HGO,Metztitl·n Hgo.,28.93333333
-98.65,20.65,ZXTHD,HGO,Zacualtip·n Hgo.,21.16666667
-99.5,20.66,ZMPHD,HGO,Ing. Fernando Hiriart Balderrama Hgo.,24.58888889
-98.33,21.02,ATCHD,HGO,Atlapexco Hgo.,27.85416667
-98.42,21.15,HJTHD,HGO,Huejutla Hgo.,27.51666667
-98.6,21.17,ORZHD,HGO,San Felipe Orizatl·n Hgo.,24.36111111
-98.47,19.73,ITESAAPAN,HGO,ITESA-Apan Hgo. SMN*,20.80645161
-98.36,20.08,TULANCINGOob,HGO,Observatorio de Tulancingo Hgo. SMN*,21.34615385
-98.72,20.19,ELCHICO,HGO,El Chico Hgo. SMN*,16.47931034
-98.97,20.28,ACTOPAN,HGO,Actopan Hgo. OCAVM*,23.71481481
-99.32,20.36,PROJOGOMEZ,HGO,Presa Rojo GÛmez Hgo. OCAVM*,21.55483871
-99.22,20.87,MARMOLES,HGO,Los M·rmoles Hgo. SMN*,15.15357143
-98.37,21.15,HUEHD,HGO,Huejutla Hgo. SMN*,26.925
-98.27,19.97,TEZONCUALPA,HGO,Tezoncualpa Hgo. OCAVM*,17.1875
-98.08,20.46,HHTHD,HGO,Huehuetla Hgo.,26.04761905
-103.42,20.44,TLAJOMULCO,JAL,Tlajomulco Jal. SMN*,24.65806452
-103.4,18.97,TRJCM,JAL,Solidaridad Jal.,34.15
-104.57,19.23,CIHJL,JAL,Cihuatl·n Jal.,35.08333333
-103.47,19.7,CGZJL,JAL,Ciudad Guzm·n Jal.,26.17586207
-104.06,19.91,BBAJL,JAL,Basilio Vadillo Jal.,32.86666667
-104.37,19.98,TMLJL,JAL,RamÛn Corona Madrigal General Jal.,25.75862069
-105.13,20,CPEJL,JAL,CajÛn de PeÒa Jal.,29.98387097
-103.2,20.29,LDCJL,JAL,Lago de Chapala Jal.,23.51612903
-102.71,20.29,JMYJL,JAL,Jamay Jal.,23.28333333
-103.09,20.4,ATQJL,JAL,Atequiza Jal.,27.67391304
-103.65,20.47,HRTJL,JAL,Hurtado Jal.,25.5
-102.25,20.48,HUAJL,JAL,Huascato Jal.,24.93103448
-104.05,20.55,RAMJL,JAL,RÌo Ameca Jal.,26.80357143
-105.05,20.58,CULJL,JAL,Cuale Jal.,29.15
-103.32,20.58,TLAJL,JAL,Tlaquepaque Jal.,26.53846154
-103.36,20.58,PITJL,JAL,ProtecciÛn a Infraestructura y AtenciÛn a Emergencias Jal.,25.21481481
-103.85,20.6,VEGJL,JAL,Ing. Santiago Camarena Jal.,27.21666667
-103.37,20.67,GUAJL,JAL,Guadalajara Centro Jal.,24.27419355
-103.39,20.71,GUCJL,JAL,Guadalajara los Colomos Jal.,24.67741935
-103.33,20.73,EXPJL,JAL,La Experiencia Jal.,26.13793103
-103.45,20.75,BAZJL,JAL,Base AÈrea Zapopan Jal.,23.55
-103.45,21.07,CXTJL,JAL,Cuixtla Jal.,30.5
-102.85,21.13,CUNJL,JAL,La CuÒa Jal.,29.56521739
-102.5,21.3,SGRJL,JAL,San Gaspar de los Reyes Jal.,24.15862069
-101.85,21.35,SAUJL,JAL,La Sauceda Jal.,24.44230769
-101.92,21.36,LDMJL,JAL,Lagos de Moreno Jal.,25.97222222
-102.58,21.45,TCAJL,JAL,Teocaltiche Jal.,26.30322581
-101.74,21.5,CRTJL,JAL,El Cuarenta Jal.,24.36206897
-102.44,21.6,AJJJL,JAL,Ajoj˙car Jal.,25.46666667
-103.2,22.17,TENJL,JAL,Tenasco Jal.,24.36956522
-102.77,19.29,CHLMC,JAL,ConstituciÛn de Apatzing·n Jal.,36.61666667
-103.78,21.83,BLNJL,JAL,BolaÒos Jal.,30.1
-103.25,22.13,CLTJL,JAL,Colotl·n Jal.,25.46451613
-103.23,22.33,ACHZC,JAL,Achimec Jal.,23.13793103
-103.73,22.4,BCSJL,JAL,Bocas Jal.,25.48275862
-101.92,21.37,OLMJL,JAL,Observatorio de Lagos de Moreno Jal.,25.43103448
-104.29,19.85,ELCJL,JAL,El Corcovado Jal.,30.25
-104.78,20.48,CRNJL,JAL,Corrinchis Jal.,23.86875
-103.92,19.46,SMANANTLANI,JAL,Sierra Manatl·n 1 Jal. SMN*,19.18064516
-105.04,19.5,CHAMELA,JAL,Chamela-Cuixmala Jal. SMN*,31.78
-103.59,19.59,NEVADOCOLIMA,JAL,Nevado de Colima Jal. SMN*,12.54666667
-103.46,19.73,CDGUZMANob,JAL,Observatorio de Ciudad Guzm·n Jal. SMN*,26.40909091
-105.13,20,RIOTOMATLAN,JAL,RÌo Tomatl·n Jal. SMN*,30.10666667
-103.03,20.17,TZPJL,JAL,Tizap·n Jal.,23.71071429
-103.42,20.27,JOCJL,JAL,Jocotepec Jal. SMN*,21.89333333
-103.2,20.29,CHAJL,JAL,Chapala 1 Jal. SMN*,22.47333333
-103.39,20.71,GUADALAJARAob,JAL,Observatorio de Guadalajara  Jal. SMN*,24.328
-104.25,20.83,IXTLANRIO,JAL,Ixtl·n del RÌo Nay. SMN*,27.77419355
-101.94,21.35,LMORENOob,JAL,Observatorio de Lagos de Moreno Jal. SMN*,24.42
-103.27,22.11,COLOTLANob,JAL,Observatorio de Colotl·n Jal. SMN*,25.50434783
-99.24,19.53,CLYMX,MEX,Calacoaya MÈx.,21.67241379
-100.28,19.1,TROMX,MEX,Trojes MÈx.,21.41935484
-98.87,19.19,SLAMX,MEX,San Luis Ameca MÈx.,21.46451613
-99.51,19.2,CGCMX,MEX,Gerencia Conagua CODAGEM MÈx.,21
-99.76,19.24,SJHMX,MEX,San Juan de las Huertas MÈx.,19.96551724
-99.71,19.29,TOLUCAob,MEX,Observatorio de Toluca MÈx. SMN*,20.372
-99.28,19.45,PTLMX,MEX,Presa Totolica MÈx.,20.65
-99.24,19.45,EMOMX,MEX,El Molinito RÌo Hondo MÈx.,24.43333333
-99.78,19.46,PIRMX,MEX,Ignacio RamÌrez MÈx.,19.34782609
-99.7,19.47,SBBMX,MEX,JosÈ Antonio Alzate MÈx.,19.70967742
-99.22,19.48,MBLMX,MEX,Molino Blanco MÈx.,22.88709677
-98.88,19.48,CHPMX,MEX,Chapingo MÈx.,24.46774194
-99.22,19.57,ARBMX,MEX,Las Arboledas MÈx.,23.49032258
-98.92,19.58,GRDMX,MEX,La Grande MÈx.,21.78387097
-99.19,19.62,OBSMX,MEX,San MartÌn Obispo MÈx.,18.56
-99.05,19.63,K27MX,MEX,km 27+250 MÈx.,22.63225806
-98.86,19.64,SNLMX,MEX,San Lucas Mex.,22.28333333
-99.96,19.66,TPTMX,MEX,San AndrÈs Tepetitl·n MÈx.,17.48387097
-99.3,19.7,CNPMX,MEX,La ConcepciÛn MÈx.,21.93548387
-99.18,19.74,PCGMX,MEX,Puente Colgante MÈx.,21.09032258
-99.87,19.78,ATPMX,MEX,Atlacomulco Prepa. MÈx.,20.55833333
-99.56,19.88,DNXMX,MEX,DanxhÛ MÈx.,20.13548387
-99.12,19.9,TTQMX,MEX,Tajo de Tequixquiac Mex.,22.40322581
-99.86,20.04,PNDMX,MEX,—adÛ MÈx.,19.63666667
-99.7,20.05,HPNMX,MEX,Huapango MÈx.,17.6
-99.74,20.12,PMNMX,MEX,El Molino MÈx.,18.73333333
-99.42,18.99,OCUMX,MEX,Ocuil·n de Arteaga Mex.,22.95
-99.63,19.29,COBMX,MEX,Observatorio del Estado de MÈxico MÈx.,20.97083333
-99.28,19.45,TTLMX,MEX,Totolica hidromÈtricas MÈx.,22.55172414
-98.91,19.53,SADMX,MEX,San AndrÈs MÈx.,21.9
-98.91,19.54,ATEMX,MEX,Atenco MÈx.,24.61290323
-99.39,19.83,TXMHD,MEX,Taxhimay MÈx.,24.22580645
-99.47,18.8,CHDMX,MEX,Colonia Hidalgo Mex.,29.81818182
-99.65,19.3,RECMX,MEX,RectorÌa MÈx.,18.31666667
-99.7,19.33,CALMX,MEX,Calixtlahuaca MÈx.,21.44
-99.8,19.63,SMLMX,MEX,Santa MarÌa del Llano MÈx.,23.71935484
-99.79,19.83,PFBMX,MEX,Francisco JosÈ Trinidad Fabela MÈx.,18.76666667
-99.94,18.93,TESMX,MEX,Texcaltitl·n MÈx.,21
-99.8,19.33,TBRMX,MEX,Tres Barrancas MÈx.,19.98387097
-98.9,19.44,TJCMX,MEX,El Tejocote MÈx.,21.60416667
-99.77,19.57,IXCMX,MEX,Ixtlahuaca MÈx.,21.68181818
-99.74,19.59,SLBMX,MEX,San Bartolo del Llano MÈx.,19.17096774
-99.68,19.12,NEVMX,MEX,Nevado de Toluca MÈx. SMN*,7.503448276
-98.66,19.12,ALTZOMONI,MEX,Altzomoni Mex. SMN*,10.71333333
-99.96,19.21,CDEPIEDRAS,MEX,Corral de Piedras Mex. SMN*,14.91935484
-100.14,19.31,DONATOGUERRA,MEX,Donato Guerra Mex. SMN*,15.56
-98.88,19.33,IXTAPALUCA,MEX,Ixtapaluca MÈx. OCAVM*,22.46333333
-100.08,19.38,VALLEDEBRAVO,MEX,Valle de Bravo MÈx. SGT*,20.0483871
-99.24,19.47,CCHN,MEX,Colegio de Ciencias y Humanidades Naucalpan MÈx. UNAM*,21.89375
-98.89,19.49,CHAPINGO,MEX,Chapingo MÈx. SGT*,22.54
-98.83,19.5,SANCTORUM,MEX,Sanctorum MÈx. OCAVM*,15.53684211
-99.27,19.52,PREMX,MEX,Presa MadÌçn MÈx. SMN*,21.37096774
-99.97,19.54,CDELCERRILLO,MEX,Centro del Cerrillo Mex. OCAVM*,21.71612903
-99.52,19.57,CCAMX,MEX,Cerro Catedral MÈx. SMN*,11.3037037
-99.87,19.78,ATLMX,MEX,Atlacomulco MÈx. SMN*,19.95483871
-101.66,19.93,AMEMC,MICH,Aristeo Mercado Mich.,25.48214286
-102.21,18.02,MLCMC,MICH,Melchor Ocampo L. C. Mich.,37.08695652
-102.18,18.05,VILMC,MICH,JosÈ MarÌa Morelos y PavÛn Mich.,34.5
-101.88,18.27,INFMC,MICH,Infiernillo Mich.,35.92857143
-100.9,18.5,CMNMC,MICH,Caimanera Mich.,35.13636364
-102.2,18.8,LPSMC,MICH,La PastorÌa Mich.,35.35714286
-101.93,18.92,ZICMC,MICH,Zicuir·n Mich.,36.22580645
-102.37,19.08,APATZINGAN,MICH,Apatzing·n Mich. SMN*,35.612
-102.37,19.08,APTMC,MICH,Apatzing·n Mich.,34.74137931
-102.87,19.21,LOLMC,MICH,Los Olivos Mich.,36.56666667
-101.05,19.49,PDBMC,MICH,Planta de Bombeo Mich.,24.93548387
-101.45,19.55,VJIMC,MICH,Villa JimÈnez Mich.,24.34
-100.61,19.58,AGOMC,MICH,Agostitl·n Mich.,18.875
-100.68,19.62,PUCMC,MICH,Pucuato Mich.,20.17142857
-101.26,19.63,COIMC,MICH,CoÌntzio Mich.,24.70967742
-101.18,19.69,MORMC,MICH,Morelia Mich.,24.22580645
-101.2,19.7,MNOMC,MICH,Morelia Norte Mich.,24.69333333
-101.1,19.7,MCEMC,MICH,Morelia Centro Mich.,24.01612903
-100.55,19.7,CHIMC,MICH,Ciudad Hidalgo Mich.,22.35483871
-101.8,19.81,ZCAMC,MICH,Zacapu Mich.,27.136
-100.87,19.83,MLPMC,MICH,MalpaÌs Mich.,24.75
-102.65,19.84,SJUMC,MICH,San Juanico Mich.,25.42857143
-100.83,19.86,ZINMC,MICH,ZinapÈcuaro Mich.,23.87727273
-100.44,19.89,MRVMC,MICH,MaravatÌo Mich.,25.22580645
-102.14,19.96,UREMC,MICH,Urepetiro Mich.,23.39032258
-102.32,19.96,ORAMC,MICH,Orandino Mich.,24.84074074
-100.45,19.97,EGIMC,MICH,El Gigante Mich.,24.77419355
-102.27,19.97,CHAMC,MICH,Chaparaco Mich.,24.024
-100.23,20,TEPMC,MICH,Tepuxtepec Mich.,20.25483871
-102.28,20.01,ZAMMC,MICH,Zamora Mich.,27.32758621
-100.41,19.84,LDFMC,MICH,Laguna del Fresno Mich.,23.765
-102.72,20.07,SAHMC,MICH,Sahuayo Mich.,26.89333333
-102.4,20.1,SSIMC,MICH,San SimÛn Mich.,26.75806452
-101.72,20.13,ANGMC,MICH,Angamacutiro Mich. SMN*,24.33225806
-101.72,20.13,MOCMC,MICH,Melchor Ocampo Mich.,24.62068966
-102.75,20.15,LPAMC,MICH,La Palma Mich.,23.66
-101.86,20.21,CORMC,MICH,Corrales Mich.,26.89285714
-101.99,20.23,ADUMC,MICH,Adjuntas Mich.,25.92592593
-101.63,20.25,LANMC,MICH,Los ¡ngeles Mich.,26.09230769
-101.6,20.3,PORMC,MICH,Pastor Ortiz Mich.,24.35806452
-102.44,20.3,DGNMC,MICH,De Gonzalo Mich.,27.44137931
-101.46,20.32,CBLMC,MICH,Casa Blanca Mich.,26.21666667
-102.24,20.34,YURMC,MICH,YurÈcuaro Mich.,28.12903226
-102,20.35,LPDMC,MICH,La Piedad Mich.,31.05172414
-102.6,19.96,JARMC,MICH,Jaripo Mich.,26.22962963
-102.54,19.98,GUAMC,MICH,Guaracha Mich.,28.05769231
-102.42,20.18,BIBMC,MICH,Barraje de Ibarra Mich.,26.67
-102.46,20.21,SCRMC,MICH,San CristÛbal Mich.,26.2
-102.13,18.85,LPNMC,MICH,Los Panches Mich.,33.56954545
-102.18,17.94,LCARDENASMAR,MICH,L·zaro C·rdenas Mich. SEMAR*,31.54666667
-101.93,18.92,PZICUIRAN,MICH,Presa Zicuir·n Mich. SMN*,33.85
-102.08,19.42,URUAPAN,MICH,Uruapan Mich. SMN*,24.05666667
-100.29,19.54,MMONII,MICH,Mariposa Monarca 2 Mich. SMN*,15.63666667
-100.28,19.67,MMONARCAI,MICH,Mariposa Monarca 1 Mich. SMN*,13.30666667
-101.2,19.7,MORELIAob,MICH,Observatorio de Morelia Mich. SMN*,23.625
-100.3,19.77,TMUMC,MICH,Tercer Mundo Mich.,20.09
-99.32,18.63,PIXMR,MOR,Puente de Ixtla Mor.,32.28
-98.76,18.88,OCTMR,MOR,Ocuituco Mor.,25.34
-99.1,18.79,TICMR,MOR,Ticum·n Mor.,27.024
-98.83,18.95,ACHMR,MOR,Achichipico Mor.,24.332
-98.7,18.88,HUEMR,MOR,Hueyapan Mor.,21.42857143
-99.04,18.58,SPHMR,MOR,San Pablo Hidalgo Mor.,34.80357143
-99.02,18.44,HUTMR,MOR,Huautla Mor.,30.82758621
-99.31,18.49,TILMR,MOR,Tilzapotla Mor.,30.80434783
-99.19,18.52,XICMR,MOR,Xicatlacotla Mor.,34.81481481
-99.18,18.57,HIGMR,MOR,HiguerÛn Mor.,29.41935484
-98.84,18.6,TPLMR,MOR,Tepalcingo Mor.,30.59677419
-99.4,18.6,AMCMR,MOR,Amacuzac Mor.,32.15517241
-99.2,18.6,JOJMR,MOR,Jojutla Mor.,34.22580645
-99.42,18.61,HUAMR,MOR,Huajintl·n Mor.,32.03225806
-99.2,18.65,ZCTMR,MOR,Zacatepec Mor.,32.85483871
-98.91,18.68,LCUMR,MOR,La Cuera Mor.,29.56666667
-98.8,18.7,JNCMR,MOR,Jonacatepec Mor.,29.18333333
-99,18.73,MYOMR,MOR,Moyotepec Mor.,30.4
-99.27,18.74,ALUMR,MOR,Alpuyeca Mor.,30.13333333
-99.33,18.77,RODMR,MOR,El Rodeo Mor.,31.16666667
-98.79,18.78,TMCMR,MOR,Temoac Mor.,27.1875
-98.9,18.8,CUAMR,MOR,Cuautla Mor.,26.76785714
-98.75,18.81,TLOMR,MOR,Tlacotepec Mor.,24.61111111
-99.2,18.9,CUEMR,MOR,Cuernavaca Mor.,28.29310345
-99.2,18.9,TEMMR,MOR,Temixco Mor.,31.6
-99.1,18.9,YAHMR,MOR,Yautepec Mor.,28.43870968
-98.9,18.9,OAXMR,MOR,Oaxtepec Mor.,26.75
-99.22,18.91,OBSMR,MOR,Observatorio de Morelos Mor.,27.6483871
-99.19,18.92,SLDMR,MOR,Solidaridad Mor.,23.59677419
-98.92,18.99,TOTMR,MOR,Totoloapan Mor.,26.75833333
-99.26,19.03,HUIMR,MOR,Huitzilac Mor.,19.39
-98.94,19.04,TLCMR,MOR,Tlacualera Mor.,17.84814815
-99.14,18.52,NEXMR,MOR,Nexpa Mor.,34.9047619
-98.79,18.69,ELPMR,MOR,El PeÒÛn Mor.,25.66666667
-98.9,18.94,ATLMR,MOR,Atlatlahucan Mor.,27.00967742
-99.25,19.05,TRESMARIAS,MOR,Tres MarÌas Mor. SMN*,17.01935484
-99.25,18.68,XXOMR,MOR,Xoxocotla Mor.,33.03125
-99.26,18.73,OACMR,MOR,Oacalco Mor.,28.0952381
-99.16,18.77,PROMR,MOR,Progreso Mor.,25.98823529
-98.94,18.54,SHUAUTLA,MOR,Sierra de Huautla Mor. SMN*,29.94666667
-99.25,18.61,TQGMR,MOR,Tequesquitengo Mor.,31.26666667
-99.46,18.68,APAMR,MOR,Apacingo Mor.,29.73684211
-98.96,18.85,CASMR,MOR,Casasano Mor.,26
-98.71,18.88,TETMR,MOR,Tetela del Volc·n Mor.,23.85416667
-99.16,18.88,IMTA,MOR,Instituto Mexicano de TecnologÌa del Agua Mor.*,27.45666667
-99.23,18.93,CUERNAVACAob,MOR,Observatorio de Cuernavaca Mor. SMN*,27.86
-98.78,18.94,HUXMR,MOR,Huecahuaxco Mor.,22.4
-99.31,19.05,LZEMPOALA,MOR,Lagunas de Zempoala Mor. SMN*,18.08387097
-105.14,20.89,GAVNR,NAY,Gaviotas Nay.,32.925
-104.89,21.49,TEPNR,NAY,Tepic Nay.,27.96774194
-105.11,21.83,CAPNR,NAY,Capomal Nay.,30.21612903
-104.52,22.25,JMANR,NAY,Jes˙s MarÌa Nay.,33.21
-105.39,22.47,ACAPONETA,NAY,Acaponeta Nay. SMN*,29.82758621
-105.35,22.49,ACANR,NAY,Acaponeta Nay.,32.34482759
-104.89,21.49,TEPICob,NAY,Observatorio de Tepic Nay. SMN*,28.236
-106.54,21.63,ISLASMARIASMAR,NAY,Islas MarÌas Nay. SEMAR*,26.45185185
-105.29,21.53,SANBLASMAR,NAY,San Blas Nay. SEMAR*,28.33333333
-105.33,22.22,MARISMAS,NAY,Marismas Nacionales Nay. SMN*,30.78148148
-100.01,25.27,AL2NL,NL,Allende Dos N. L.,23.19285714
-100.17,23.68,DARNL,NL,Doctor Arroyo N.L.,21.83870968
-99.78,23.98,ZRGNL,NL,Zaragoza N.L.,23.38965517
-99.82,24.1,ARRNL,NL,Aramberri N.L.,24.95357143
-99.91,24.32,ASCNL,NL,La AscensiÛn N.L.,16.6862069
-99.7,24.78,CRUNL,NL,Crucitas N.L.,23.56666667
-100.08,24.83,GALNL,NL,Galeana N.L.,18.3
-99.58,24.87,CAMNL,NL,Camacho N.L.,26.68518519
-99.4,24.94,CPRNL,NL,JosÈ LÛpez Portillo N.L.,24.01724138
-99.74,24.99,CABNL,NL,Cabezones N.L.,24.47241379
-99.22,24.99,PAMNL,NL,La Pamona N.L.,27.39285714
-100.55,25.03,SRANL,NL,San Rafael N.L.,20.22
-99.83,25.17,MTMNL,NL,Montemorelos N.L.,24.4137931
-100.13,25.43,LBCNL,NL,La Boca N.L.,23.76206897
-99.53,25.5,LERNL,NL,Las Enramadas N.L.,25.53461538
-100.2,25.52,ECSNL,NL,El Cerrito N.L.,24.625
-100.27,25.68,MTRNL,NL,Monterrey N.L.,24.38275862
-100.3,25.73,OBSNL,NL,Observatorio de Nuevo LeÛn N.L.,23.55517241
-100.27,25.8,CANNL,NL,El Canad· N.L.,24.68461538
-100.17,25.95,CDFNL,NL,CiÈnega de Flores N.L.,22.68888889
-99.2,26.02,MDRNL,NL,Madero N.L.,24.82
-99.61,26.09,CRVNL,NL,Cerralvo N.L.,22.62903226
-100.13,27.24,ANHNL,NL,An·huac N.L.,23.35714286
-99.28,25.71,CCHNL,NL,Cuchillo-Solidaridad N.L.,23.18214286
-100.12,23.42,MYNNL,NL,Mier y Noriega N.L.,22.14285714
-99.44,24.98,CARNL,NL,Carmen de los Elizondo Linares N.L.,26.05333333
-100.31,25.58,ELDIENTE,NL,El Diente N. L. SMN*,22.50384615
-100.3,25.73,MONTERREYob,NL,Observatorio de Monterrey N.L. SMN*,24.864
-100.23,26.03,OBSMONTERREY,NL,Observatorio de Monterrey N.L. SMN*,24.11071429
-96.3,17.78,VANOX,OAX,Valle Nacional Oax.,29.52173913
-96.53,17.43,ATEOX,OAX,Atepec Oax.,25.64
-96.91,18.21,LCAOX,OAX,La Carbonera Oax.,21.17391304
-96.45,17.12,SMAOX,OAX,San Antonio Cuajimoloyas Oax.,16.38709677
-96.72,15.81,COZOX,OAX,San Francisco Cozoaltepec Oax.,34.63703704
-95.7,16.01,ASTOX,OAX,Astata Oax.,35
-95.48,16.59,RHOOX,OAX,RÌo Hondo Oax.,32.67741935
-96.48,15.67,PTAOX,OAX,Puerto ¡ngel Oax.,32.77333333
-95.2,16.18,SCROX,OAX,Salina Cruz Oax.,32.97857143
-94.22,16.4,ZANOX,OAX,Zanatepec Oax.,35.15
-95.6,16.42,TEQOX,OAX,Tequisistl·n Oax.,33.85
-95.1,16.58,IXTOX,OAX,Ixtepec Oax.,30.55357143
-94.82,16.58,CHIOX,OAX,Chicapa Oax.,31.58333333
-95.93,16.65,BOQOX,OAX,Boquilla 1 Oax.,33.90322581
-96.7,17,OAOOX,OAX,Observatorio de Aeropuerto Oaxaca Oax.,28.08965517
-96.73,17.07,OACOX,OAX,Oaxaca Centro Oax.,28.17241379
-96.72,17.07,BAEOX,OAX,Base AÈrea Oax.,28.18181818
-95.48,17.45,MAROX,OAX,MarÌa Lombardo Oax.,27.77272727
-97.78,17.81,HLOOX,OAX,Observatorio de Huajuapan de LeÛn Oax.,27.55483871
-96.2,17.87,JACOX,OAX,Jacatepec Oax.,27.2
-96.53,17.88,SFUOX,OAX,San Felipe Usila Oax.,27.13214286
-96.26,18,CDOOX,OAX,Miguel de la Madrid Hurtado Oax.,29.08148148
-96.41,18.23,TEMOX,OAX,Presidente Alem·n Oax.,27.81034483
-95.92,17.73,RMLOX,OAX,RÌo Manso Lalana Oax.,28.39130435
-98.14,17.5,SLAOX,OAX,Silacayo·pam Oax.,27.04761905
-97.42,17.55,TEPOX,OAX,San Juan Teposcolula Oax.,22.75
-97.82,17.75,FOYOX,OAX,San Francisco Yosocuta Oax.,22.94736842
-98.39,17.76,ZALOX,OAX,Zapotitl·n Lagunas Oax.,30.46153846
-97.82,17.89,ZAPOX,OAX,Zapotitl·n Palmas Oax.,26.61538462
-97.54,17.73,STTOX,OAX,Santiago Teotongo Oax.,21.61904762
-95.37,16.43,EMAOX,OAX,El MarquÈs Oax.,33.79032258
-96.55,17.27,SCIOX,OAX,Ixtepeji Oax.,24
-97.68,18.19,SNCOX,OAX,Santiago Chazumba Oax.,23.125
-95.93,17.15,ZACOX,OAX,Zacatepec Oax.,22.65789474
-97.81,17.65,TSLOX,OAX,Heroica Villa Tezoatl·n de Segura y Luna Oax.,28.07692308
-97.78,17.81,HDLOX,OAX,Huajuapan de LeÛn Oax.,26.32222222
-97.02,17.46,CMTOX,OAX,Santiago Camotl·n Oax.,28.92857143
-98.28,17.53,CALOX,OAX,Calihual· Oax.,31.04545455
-96.49,15.67,PANGELob,OAX,Observatorio de Puerto ¡ngel Oax. SMN*,32.25833333
-97.69,15.97,LCHACAHUA,OAX,Laguna Chacahua Oax. SMN*,34.37096774
-95.23,16.16,SALINACRUZob,OAX,Observatorio de Salina Cruz Oax. SMN*,32.20333333
-96.58,16.34,MIAHUATLAN,OAX,Miahuatl·n Oax. SMN*,26.07096774
-98.05,16.35,PNTOX,OAX,Pinotepa Oax. SMN*,34.87419355
-95.04,16.88,MROOX,OAX,MatÌas Romero Oax. SMN*,27.06923077
-96.72,17,OAXACAob,OAX,Observatorio de Oaxaca Oax. SMN*,28.916
-97.84,17.16,SACOX,OAX,San AndrÈs Chicahuaxtla Oax.,18.6
-97.25,17.44,NOCHISTLAN,OAX,Nochistl·n Oax. SMN*,23.7483871
-97.77,17.79,HUAJUAPANob,OAX,Observatorio de Huajuapan de LeÛn Oax. SMN*,29.09166667
-97.01,18.33,ZOQPB,PUE,Zoquitl·n Pue.,24.11538462
-96.85,18.4,TLPPB,PUE,Tlacotepec de DÌaz Pue.,26.4516129
-98.57,18.11,CHSPB,PUE,Chila de la Sal Pue.,30.7
-98.26,18.2,PIXPB,PUE,Piaxtla Pue.,32.09677419
-98.78,18.45,TELPB,PUE,Teotlalco Pue.,32.84516129
-97.4,18.48,TEHPB,PUE,Tehuac·n Pue.,24.42903226
-98.58,18.52,CHIPB,PUE,Chietla Pue.,29
-98.47,18.61,IZMPB,PUE,Iz˙car de Matamoros Pue.,27.38064516
-97.91,18.74,SMCPB,PUE,San Miguel Canoa Pue.,21.61612903
-98.54,18.77,HQCPB,PUE,Huaquechula Pue.,29.44516129
-97.75,18.88,TECPB,PUE,Tecamachalco Pue.,22.66666667
-98.11,18.91,BDDPB,PUE,Manuel ¡vila Camacho Pue.,22.13225806
-97.25,18.92,PCRPB,PUE,Paso Carretas Pue.,17.89655172
-98.42,18.92,ATXPB,PUE,Atlixco Pue.,24.41612903
-98.14,18.94,AFRPB,PUE,Africam Pue.,25.19230769
-98.28,18.97,ECHPB,PUE,EcheverrÌa Pue.,26.76666667
-97.96,18.97,CEMPB,PUE,Cemex Pue.,21.25806452
-97.44,18.99,CDSPB,PUE,Ciudad Serd·n Pue.,21.33870968
-98.23,19.01,MAYPB,PUE,Mayorazgo 21 Poniente Pue.,24.25806452
-98.2,19.02,CNAPB,PUE,Conagua Pue.,24.83870968
-98.17,19.05,PUOPB,PUE,Observatorio de Puebla Pue.,23.17096774
-97.93,19.06,ACJPB,PUE,Acajete Pue.,22.77096774
-98.32,19.07,CHLPB,PUE,Cholula Pue.,24.19354839
-98.06,19.09,CPLPB,PUE,Capulac Pue.,22.38709677
-98.46,19.1,HJTPB,PUE,Huejotzingo Pue.,22.43333333
-97.62,19.25,QUIPB,PUE,Quimixtl·n Pue.,20.39655172
-97.42,19.45,ACHPB,PUE,Alchichilca Pue.,19.8
-97.69,19.46,LIBPB,PUE,Libres Pue.,22.34193548
-97.49,19.49,TPYPB,PUE,Tepeyahualco Pue.,23.14666667
-97.53,19.7,OYAPB,PUE,Oyameles Pue.,16.16774194
-98.05,19.74,CNGPB,PUE,Chignahuapan Pue.,17.95
-97.36,19.82,TEZPB,PUE,Teziutl·n Pue.,21.06896552
-97.81,19.83,TEOPB,PUE,Tetela de Ocampo Pue.,20.33333333
-97.58,19.86,ZCPPB,PUE,Zacapoaxtla Pue.,18.48275862
-97.79,20,TDRPB,PUE,Tepango de RodrÌguez Pue.,24.87096774
-98.15,20.03,AHUPB,PUE,Ahuazontepec Pue.,19.15
-97.52,20.03,CTZPB,PUE,Cuetzalan Pue.,23.29230769
-98.05,20.18,HUAPB,PUE,Huauchinango Pue.,21.24074074
-97.83,20.18,ZRGPB,PUE,Zaragoza Pue.,20.25517241
-97.96,20.28,XDJPB,PUE,Xicotepec de Ju·rez Pue.,21.11111111
-97.88,20.39,AVCPB,PUE,¡vila Camacho Pue.,27.78928571
-97.84,20.41,APAPB,PUE,Apapantilla Pue.,29.28571429
-97.68,20.51,VENPB,PUE,Venustiano Carranza Pue.,27
-98.06,18.28,ADOPB,PUE,Acatl·n de Osorio Pue.,30
-98.16,18.61,COAPB,PUE,Coatzingo Pue.,30.26451613
-98.22,19.11,SCRPB,PUE,San CristÛbal Caleras Pue.,20.73225806
-98.04,20.37,TLXPB,PUE,Tlaxco Pue.,16.5
-97.4,20.12,RNAPB,PUE,Rancho Nuevo Pue.,24.48148148
-97.62,18.31,TEHUACAN,PUE,Tehuac·n Pue. SMN*,24.42333333
-98.57,18.68,IZUPB,PUE,Iz˙car de Matamoros Pue. SMN*,27.60645161
-97.92,18.85,AHAPB,PUE,Ahuatepec Pue.,25.32258065
-97.72,18.87,UTTPB,PUE,Universidad TecnolÛgica Tecamachalco Pue. SMN*,21.84516129
-98.17,19.05,PUEBLAob,PUE,Observatorio de Puebla Pue. SMN*,23.676
-98.58,19.33,SRTPB,PUE,Santa Rita Tlahuapan Pue.,20.01612903
-97.39,19.89,TEZIUTLAN,PUE,Teziutl·n Pue. SMN*,19.41034483
-98.05,20.18,UDSPB,PUE,Universidad de la Sierra Pue.,20.80769231
-100.37,20.57,GHQQT,QRO,Gerencia Hidalgo Qro.,23.23333333
-99.96,20.2,IDFQT,QRO,San Ildefonso Qro.,19.55882353
-100,20.36,SJSQT,QRO,San JosÈ Qro.,24.24444444
-100.08,20.42,CNSQT,QRO,ConstituciÛn de 1917 Qro.,24.63333333
-100.41,20.5,BATQT,QRO,El Bat·n Qro.,22
-100.45,20.54,EPUQT,QRO,El Pueblito Qro.,24.47222222
-100.37,20.57,OBSQT,QRO,Observatorio de QuerÈtaro Qro.,23.76111111
-100.44,20.6,CARQT,QRO,Carrillo Qro.,25.54545455
-100.45,20.7,JRQQT,QRO,Juriquilla Qro.,24.98888889
-99.82,21.06,PMLQT,QRO,PeÒamiller Qro.,27.625
-99.48,21.23,JLPQT,QRO,Jalpan Qro.,27.21875
-100.23,20.62,MARQT,QRO,El MarquÈs Qro.,23.33333333
-100.28,20.39,HUIQT,QRO,Huimilpan Qro. SMN*,19.87741935
-99.47,21.21,PJALPAN,QRO,Presa Jalpan Qro. SMN*,26.15517241
-99.17,21.5,SGORDAI,QRO,Sierra Gorda 1 Qro. SMN*,24.42333333
-89.72,19.46,DZILBACHEN,QROO,DzilbachÈn Camp. SMN*,28.62903226
-87.49,21.1,KANTUNILKIN,QROO,KantunilkÌn Q. Roo. SMN*,29.42258065
-88.33,18.5,CHOQR,QROO,Chetumal Q. Roo.,31.04827586
-88.04,19.58,FCRQR,QROO,Felipe Carrillo Puerto Q. Roo.,30.52
-86.95,20.51,COZQR,QROO,Cozumel Q. Roo.,33.2
-87.08,20.63,PDCQR,QROO,Playa del Carmen Q. Roo.,30.61
-86.82,21.16,CANQR,QROO,Canc˙n Q. Roo.,31.66666667
-88.88,17.9,LAUNION,QROO,La UniÛn Q. Roo. SMN*,30.19666667
-87.84,18.28,AXCALAK,QROO,Arrecifes Xcalak Q. Roo. SMN*,30.63846154
-88.92,18.46,NICOLASBRAVO,QROO,Nicol·s Bravo Q. Roo. SMN*,29.48709677
-88.33,18.5,CHETUMALob,QROO,Observatorio de Chetumal Q. Roo. SMN*,30.77083333
-88.7,19.75,JMORELOS,QROO,JosÈ MarÌa Morelos Q. Roo. SMN*,30.96
-87.23,20.5,PTOVENTURAMAR,QROO,Puerto Ventura Q. Roo. SEMAR*,28.64782609
-86.78,21.07,CNCQR,QROO,Canc˙n Radar Q. Roo. SMN*,29.52413793
-107.06,24.75,VINSI,SIN,Vinoramas Sin.,26.70967742
-107.76,25.12,RAVSI,SIN,EstaciÛn Rancho Viejo Sin.,28.136
-105.85,23.09,TORSI,SIN,Las Tortugas Sin.,30.51666667
-105.85,22.98,RSRSI,SIN,Rosario Sin.,30.75925926
-106.4,23.23,MZTSI,SIN,Mazatl·n Sin.,26.85517241
-106.25,23.35,SQRSI,SIN,Siqueros Sin.,30.73333333
-106.47,23.56,QLTSI,SIN,Quelite Sin.,29.37096774
-106.9,23.92,LCRSI,SIN,La Cruz Sin.,28.08387097
-106.6,23.96,IXPSI,SIN,Ixpalino Sin.,30.60714286
-106.7,24.12,SLTSI,SIN,Ing. Aurelio Benassini Vizcaino Sin.,25.63333333
-106.81,24.57,JLPSI,SIN,JosÈ LÛpez Portillo Sin.,27.84482759
-107.44,24.63,OBSSI,SIN,Observatorio de Culiac·n Sin.,29.74482759
-107.1,24.45,SLRSI,SIN,San Lorenzo Sin.,31.05172414
-107.4,24.82,CLCSI,SIN,Culiac·n Sin.,26.22903226
-107.47,25.03,AWSSI,SIN,Andrew Weiss Sin.,28.12258065
-107.84,25.49,SJNSI,SIN,San Juan Sin.,29.10344828
-107.54,25.33,BDRSI,SIN,Badiraguato Sin.,29.5483871
-107.22,25.34,GTNSI,SIN,Guatenipa Sin.,29.51612903
-108.09,25.47,GMCSI,SIN,Guam˙chil Sin.,28.66666667
-108.47,25.72,GSVSI,SIN,Guasave Sin.,27.80645161
-108.36,25.74,ZOPSI,SIN,El Zopilote Sin.,29
-109,25.8,MCHSI,SIN,Los Mochis Sin.,25.67741935
-108.01,25.9,JNASI,SIN,Jaina Sin.,28.35483871
-109.18,25.92,AHMSI,SIN,Ahome Sin.,25.55416667
-109.33,25.98,HDZSI,SIN,Higuera de Zaragoza Sin.,25.32
-108.78,26.07,SFRSI,SIN,Sufragio Sin.,27.025
-109.33,26.1,CRRSI,SIN,El Carrizo Sin.,28.21153846
-108.7,26.43,JORSI,SIN,Josefa Ortiz de DomÌnguez Sin.,27.43333333
-108.62,26.43,EFTSI,SIN,El Fuerte Sin.,30.24193548
-108.58,26.51,PMHSI,SIN,Miguel Hidalgo Sin.,27.32903226
-109.07,25.59,TOPOLOBAMPOMAR,SIN,Topolobampo Sin. SEMAR*,23.82580645
-106.65,24.05,ACTSI,SIN,Acatit·n Sin.,29.39259259
-106.95,24.48,SCRSI,SIN,Santa Cruz Sin.,30.25925926
-107.16,24.81,SN2SI,SIN,Sanalona hidromÈtrica Sin.,29.67741935
-107.38,25.09,AL2SI,SIN,El Varejonal hidromÈtrica Sin.,28.5
-107.91,25.86,GD2SI,SIN,Bacurato hidromÈtrica de Gustavo Diaz Ord·z Sin.,28.63225806
-108.32,26.08,GB2SI,SIN,El Sabinal hidromÈtrica Sin.,29.43333333
-108.35,26.9,LD2SI,SIN,Huites hidromÈtrica Sin.,29.89166667
-107.4,24.8,CULIACANob,SIN,Observatorio de Culiac·n Sin SMN*,27.74
-107.84,25.49,SANJUAN,SIN,San Juan Sin. SMN*,29.52903226
-108.7,25.7,ARCSI,SIN,Adolfo RuÌz CortÌnes Sin.,27.92142857
-108.62,26.41,ELFUERTE,SIN,El Fuerte Sin. SMN*,28.11290323
-108.33,26.72,CHOIXob,SIN,Observatorio de Choix Sin. SMN*,29.008
-108.33,26.74,CHXSI,SIN,Choix EstaciÛn Sin.,29.15925926
-106.41,23.22,MAZATLANob,SIN,Observatorio de Mazatl·n  Sin. SMN*,26.96363636
-107.19,24.25,OBISPO,SIN,Obispo Sin. SMN*,28.78666667
-98.76,21.24,TMTSL,SLP,Temamatla S.L.P.,23.86551724
-98.86,21.25,TBLSL,SLP,Tierra Blanca S.L.P.,26.47
-98.8,21.33,MTPSL,SLP,Matlapa S.L.P.,25.62
-98.89,21.42,RQTSL,SLP,Requetemu S.L.P.,26.78
-98.62,21.69,SVTSL,SLP,San Vicente S.L.P.,26.908
-98.96,21.75,BLMSL,SLP,Ballesmi S.L.P.,27.3
-98.94,21.85,PUJSL,SLP,El Pujal S.L.P.,27.09259259
-99.24,21.91,GANSL,SLP,Gallinas S.L.P.,27.69285714
-100,21.93,RVDSL,SLP,RÌo Verde S.L.P.,26.04583333
-99.02,21.98,CDVSL,SLP,Ciudad Valles S.L.P.,26.625
-98.77,22,TMISL,SLP,TamuÌn S.L.P.,29.88
-99.16,22.12,MICSL,SLP,Micos S.L.P.,25.07777778
-101.02,22.15,SLPSL,SLP,San Luis PotosÌ S.L.P.,23.03
-101,22.2,SGRSL,SLP,Soledad Graciano S.L.P.,20.33333333
-99.32,22.52,NRJSL,SLP,Naranjos S.L.P.,24.17333333
-100.64,23.66,MATSL,SLP,Matehuala S.L.P.,23.3137931
-99.83,21.65,PMYSL,SLP,Pedro Montoya S.L.P.,27.03846154
-98.56,21.97,AJTSL,SLP,Las Adjuntas S.L.P.,26.57142857
-98.82,21.32,MATLAPAob,SLP,Observatorio de Matlapa S.L.P. SMN*,27.64736842
-100.94,21.81,GOGORRON,SLP,GogorrÛn S.L.P. SMN*,23.45483871
-100,21.92,RIOVERDEob,SLP,Observatorio de RÌo Verde S.L.P. SMN*,26.04285714
-100.02,21.94,CDFERNANDEZ,SLP,Ciudad Fern·ndez S.L.P. SMN*,27.91578947
-99.03,21.98,CDVALLES,SLP,Ciudad Valles S.L.P. SMN*,28.20344828
-100.98,22.18,SLPOTOSIob,SLP,Observatorio de San Luis Potosi S.L.P. SMN*,23.348
-100.67,23.65,MA2SL,SLP,Matehuala S.L.P. SMN*,21.44516129
-110.29,30.98,CNNSO,SON,Cananea Son.,20.37931034
-114.78,32.48,SLCSO,SON,San Luis RÌo Colorado Son.,23.75
-110.24,28.71,SJPSO,SON,San JosÈ de Pimas Son.,24.04347826
-109.89,27.75,AGCSO,SON,Agua Caliente Son.,23.90645161
-108.76,26.6,CZNSO,SON,Cazanate Son.,30.82
-109.44,27.07,NVJSO,SON,Navojoa Son.,26.0483871
-109.11,27.23,ARCSO,SON,Adolfo RuÌz CortÌnes Son.,25.26666667
-108.88,27.41,SBNSO,SON,San Bernardo Son.,28.51290323
-109.62,27.42,CCRSO,SON,Cocoraque Son.,26.48709677
-109.94,27.5,COBSO,SON,Ciudad ObregÛn Son.,26.87096774
-109.21,27.66,TSOSO,SON,Tesocoma Son.,25.87419355
-109.89,27.82,AOBSO,SON,¡lvaro ObregÛn Son.,25.39354839
-110.85,27.95,GYMSO,SON,Guaymas Son.,21.02580645
-110.8,27.95,EPLSO,SON,Empalme Son.,24.87741935
-108.92,28.37,YC2SO,SON,YÈcora Son. SMN*,19.25806452
-108.93,28.37,YCRSO,SON,YÈcora Son.,21.3516129
-110.4,28.43,IRASO,SON,Ignacio R. Alatorre Son.,25.41935484
-110.31,28.47,PTASO,SON,Punta de Agua 2 Son.,24.11290323
-111.83,28.75,BAHIAKINO,SON,BahÌa de Kino Son. SMN*,21.69032258
-109.64,28.98,PECSO,SON,Plutarco ElÌas Calles Son.,25.38
-110.92,29.07,HM2SO,SON,Observatorio de Hermosillo Son.,25.64333333
-110.93,29.07,HMNSO,SON,Hermosillo Son.,25.03076923
-109.23,29.2,ECBSO,SON,El Cubil Son.,23.46129032
-110.73,29.21,PMOSO,SON,Ing. Rodolfo FÈlix ValdÈs Son.,25.14516129
-110.71,29.23,ORGSO,SON,El Oregano Son.,25.83043478
-110.74,29.47,CJNSO,SON,El CajÛn Son.,24.48387097
-109.5,29.53,TPCSO,SON,Tepache Son.,24.54
-110.23,29.82,ACNSO,SON,Aconchi Son.,21.17741935
-111.02,30.05,QRBSO,SON,Querobabi Son.,23.83870968
-108.96,30.21,HSHSO,SON,Huachinera Son.,17.1
-110.17,30.34,ARZSO,SON,Arizpe Son.,18.68333333
-108.93,30.36,BCRSO,SON,Bacerac Son.,19.36
-109.69,30.37,NCZSO,SON,Nacozari Son.,21.16666667
-111.45,30.39,SRSSO,SON,Santa Rosa 2 Son.,20.98275862
-109.38,30.44,LCDSO,SON,L·zaro C·rdenas Son.,19.67241379
-110.24,30.6,BCNSO,SON,Bacanuchi Son.,20.4
-112.12,30.7,PTQSO,SON,Pitiquito Son.,19.82258065
-111.73,30.72,ALTSO,SON,Altar Son.,21.61935484
-110.89,30.76,IMRSO,SON,Imuris Son.,20.772
-111.52,30.87,CHTSO,SON,CuauhtÈmoc Son.,22.06896552
-113.55,31.35,PT2SO,SON,Puerto PeÒasco Son.,20.9
-110.95,31.32,NGLSO,SON,Nogales Son.,20.0137931
-112.85,31.87,NYNSO,SON,Sonoyta Son.,20.62580645
-110.14,29,MZTSO,SON,Mazat·n Son.,26.04347826
-109.14,26.46,TOTOLIBOQUI,SON,Totoliboqui Son. REMAS*,24.63870968
-109.05,26.5,EJIDO21MARZO,SON,Ejido 21 de Marzo Son. REMAS*,27.37419355
-109.7,26.77,JULIANTABAMPO,SON,Juliantabampo Son. REMAS*,23.11935484
-108.97,26.8,CHINO,SON,Chino Gordo Son. REMAS*,28.37419355
-109.53,26.81,REGLA,SON,La Regla Son. REMAS*,25.1483871
-109.6,26.82,HUATABAMPO,SON,Huatabampo Son. REMAS*,25.23548387
-109.68,26.84,NAVOBAXIA,SON,Navobaxia Son. REMAS*,25.23548387
-109.75,26.9,SAHUARALO,SON,Sahuaral de Otero Son. REMAS*,25.01935484
-109.48,26.9,TRESCARLOS,SON,Tres Carlos Son. INIFAP*,24.81935484
-109.62,26.93,VASCONIA,SON,La Vasconia Son. REMAS*,24.90645161
-109.42,26.97,CAPETAMAYA,SON,Capetamaya Son. REMAS*,26.3516129
-109.83,27,BLOCK2918,SON,Block 2918 Son. REMAS*,23.17096774
-109.5,27.01,SEMAY,SON,Semay Son. REMAS*,24.87741935
-109.68,27.02,BUAYSIACOBE,SON,Buaysiacobe Son. INIFAP*,23.89677419
-109.42,27.07,CIASO,SON,Ciano Huatabampo Son.,25.80322581
-109.75,27.1,BLOCK2328,SON,Block-2328 Son. INIFAP*,25.08387097
-109.48,27.11,CHIHUAHUITASO,SON,Chihuahuita Son. REMAS*,26.82333333
-109.4,27.13,TESIA,SON,Tesia Son. INIFAP*,26.32903226
-109.9,27.14,BLOCK2010,SON,Block 2010 Son. REMAS*,25.34516129
-109.8,27.17,BLOCK1922,SON,Block 1922 Son. REMAS*,26.07741935
-109.66,27.18,BLOCK1936,SON,Block 1936 Son. REMAS*,26.02903226
-109.58,27.21,PUEBLO,SON,Pueblo Mayo Son. REMAS*,26.93225806
-109.71,27.21,BLOCK1730,SON,Block-1730  Son. INIFAP*,24.81612903
-110.04,27.23,BLOCK1703,SON,Block 1703 Son. REMAS*,25.45483871
-109.84,27.28,BLOCK1418,SON,Block-1418 Son. INIFAP*,24.76129032
-110.26,27.28,BLOCK1423,SON,Block 1423 Son. REMAS*,24.20322581
-110.16,27.32,BLOCK1213,SON,Block 1213 Son. REMAS*,24.81935484
-108.91,27.32,CASA,SON,Casa Colorada Son. REMAS*,29.1516129
-110.02,27.32,BLOCK1101,SON,Block 1101 Son. REMAS*,25.54193548
-109.93,27.37,OBOSO,SON,Observatorio Cd. ObregÛn Son. SMN*,25.73333333
-109.81,27.39,BLOCK720,SON,Block 720 Son. REMAS*,26.16451613
-110.29,27.4,BLOCK727,SON,Block-727 Son. INIFAP*,24.58064516
-110.34,27.4,BLOCK731,SON,Block 731 Son. REMAS*,24.72258065
-110.1,27.42,BLOCK609,SON,Block-609 Son. INIFAP*,25.79032258
-110.22,27.46,BLOCK419,SON,Block 419 Son. REMAS*,25.72580645
-109.13,27.47,ALGODONES,SON,Los Algodones Son. REMAS*,27.71935484
-110.12,27.51,BLOCK111,SON,Block-111 Son. INIFAP*,25.34193548
-110.01,27.55,IFPREDIOELJAZMI,SON,Predio El JazmÌn Son. INIFAP*,25.74347826
-109.93,27.62,CORRAL,SON,EstaciÛn Corral  Son. REMAS*,26.71612903
-110.41,27.63,POTAMR,SON,PÛtam Son. REMAS*,24.29354839
-110.29,27.64,VCMSO,SON,VÌcam Son.,26.37096774
-109.4,27.85,ROSARIO,SON,Rosario Tesopaco Son. REMAS*,26.60166667
-110.8,27.95,EMPALMEob,SON,Observatorio de Empalme Son. SMN*,24.59166667
-110.55,28,CAMPO,SON,Campo Selza Son. REMAS*,26.09354839
-110.93,28,BUENOS,SON,Buenos Aires Gym Son. REMAS*,24.89032258
-110.66,28.12,SANTAMARIA,SON,Santa MarÌa Son. REMAS*,26.08064516
-110.66,28.3,ORTIZ,SON,OrtÌz Son. REMAS*,26.39677419
-111.25,28.31,SAHUARALA,SON,Sahuaral Son. INIFAP*,23.49677419
-109.01,28.33,YECORAS,SON,YÈcora Son. REMAS*,15.53225806
-110.51,28.37,TREINTA,SON,Las Treinta Son. REMAS*,25.91612903
-109.89,28.42,SUAQUI,SON,Suaqui Grande Son. REMAS*,27.15
-111.36,28.56,CUICHI,SON,Cuichi Son. REMAS*,23.92258065
-111.56,28.61,PERICOI,SON,Perico I Son. INIFAP*,23.60967742
-111.32,28.68,PEANA,SON,PeaÒa Son. REMAS*,24.07096774
-111.65,28.69,KINO,SON,Kino Son. REMAS*,23.89677419
-111.47,28.74,FATIMA,SON,El Milagro de F·tima Son. REMAS*,24.15806452
-111.36,28.79,ELBERVANO,SON,El Bervano Son. INIFAP*,24.12258065
-111.56,28.84,SANTAELENAS,SON,Santa Elena Son. REMAS*,24.88387097
-111.43,28.89,CARLITOS,SON,San Carlitos  Son. REMAS*,24.72580645
-111.23,28.9,ABEJAS,SON,Abejas Son. REMAS*,24.17741935
-110.18,28.94,MAZATAN,SON,Mazat·n Son. REMAS*,25.45333333
-111.13,28.96,BACHATA,SON,La Bachata Son. REMAS*,24.67741935
-111.26,28.98,SANTONINO,SON,Santo NiÒo Son. REMAS*,24.78666667
-111.13,29.01,UNISON,SON,Universidad de Sonora Son. SMN*,24.892
-109.22,29.05,SAHUARIPA,SON,Sahuaripa Son. REMAS*,24.29354839
-111.72,29.06,DOLORES,SON,Dolores Jam Son. REMAS*,25.03225806
-110.93,29.08,HERMOSILLOob,SON,Observatorio de Hermosillo Son. SMN*,26.428
-111.56,29.09,GREEN,SON,Green Stripe Son. REMAS*,25.24516129
-109.99,29.12,MATAPE,SON,M·tape Son. REMAS*,23.98387097
-111.76,29.24,CHIPILON,SON,ChipilÛn Son. REMAS*,24.01612903
-110.93,29.39,TRACALITA,SON,Tracalita Son. REMAS*,24.50322581
-110.31,29.44,URES,SON,Ures Son. REMAS*,24.58387097
-109.51,29.52,TEPACHE,SON,Tepache Son. REMAS*,23.52580645
-110.93,29.55,SELVA,SON,Selva Son. REMAS*,24.61935484
-110.14,29.67,BAVIACORA,SON,Bavi·cora Son. REMAS*,23.97096774
-108.97,29.69,NACORI,SON,N·cori Chico Son. REMAS*,22.23548387
-112.06,29.78,SANTAADELA,SON,Santa Adela Son. REMAS*,22.61612903
-110.96,29.91,QUEROBABI,SON,Querobabi Son. REMAS*,23.06451613
-109.3,29.93,HUASABAS,SON,Hu·sabas Son. REMAS*,23.07
-110.21,29.97,BANAMICHI,SON,Ban·michi Son. REMAS*,23.22903226
-111.23,30.05,CARRIZO,SON,El Carrizo Son. REMAS*,22.4516129
-109.79,30.19,CUMPAS,SON,Cumpas Son. REMAS*,24.05666667
-110.72,30.34,LADRILLERA,SON,La Ladrillera Son. REMAS*,22.92333333
-109.68,30.37,PNACOZARIob,SON,Observatorio de Pilares de Nacozari Son. SMN*,19.992
-108.92,30.39,BACERAC,SON,Bacerac Son. REMAS*,20.284
-111.09,30.42,ALAMITOS,SON,Los Alamitos Son. REMAS*,21.76538462
-111.56,30.47,CORRALES,SON,Los Corrales Son. REMAS*,21.99354839
-108.96,30.51,BAVISPE,SON,Bavispe Son. REMAS*,20.48387097
-112.35,30.51,SURCABORACA,SON,Sur Caborca Son. REMAS*,22.14193548
-111.4,30.61,LOMA,SON,La Loma Son. REMAS*,22.06129032
-109.97,30.65,BACOACHI,SON,Bacoachi Son. REMAS*,20.9
-111.83,30.71,ALTARob,SON,Observatorio de Altar Son. SMN*,22.78333333
-112.87,30.74,COSTERO,SON,El Costero Son. REMAS*,21.95333333
-112.44,30.77,CABORCA,SON,Caborca Son. SMN*,22.28709677
-111.21,30.79,ALMAS,SON,Las Palmas Son. REMAS*,22.29354839
-112.78,30.83,LOLEYTA,SON,Loleyta Son. REMAS*,21.27419355
-110.84,30.85,CRISP,SON,El 15 Crisp Son. REMAS*,21.76129032
-112.91,30.85,RIVERA,SON,La Rivera Son. REMAS*,20.97096774
-112.03,31,CUCHUJAQUI,SON,Cuchujaqui Son. REMAS*,22.13225806
-110.6,31.19,SANTACRUZS,SON,Santa Cruz Son. REMAS*,18.76666667
-109.56,31.24,AGUAPRIETA,SON,km 9 Ejido Agua Prieta Son. REMAS*,18.90322581
-110.91,31.3,NOGALES,SON,Nogales Son. SMN*,19.47096774
-113.54,31.3,PTOPENASCOob,SON,Observatorio de Puerto PeÒasco Son. SMN*,20.936
-113.3,31.68,PINACATE,SON,El Pinacate Son. SMN*,22.21
-112.67,31.77,SONOYTAS,SON,Sonoyta Son. REMAS*,20.17096774
-112.85,31.87,SONOYTA,SON,Sonoyta Son. SMN*,21.88064516
-114.92,32.17,COLONIA,SON,Colonia Medano Son. REMAS*,22.59354839
-115.01,32.25,VALENZUELA,SON,Rancho Valenzuela Son. REMAS*,22.15483871
-114.96,32.31,QUIROZ,SON,Rancho Quiroz Son. REMAS*,22.19032258
-114.87,32.33,PIVOTE,SON,Rancho El Pivote Son. REMAS*,21.95806452
-114.8,32.42,RCOLORADO,SON,San Luis RÌo Colorado Son. SMN*,22.01935484
-114.81,32.43,MOCTEZUMA,SON,Moctezuma Son. INIFAP*,22.70322581
-114.85,32.44,MONUMENTOS,SON,Monumentos Son. REMAS*,23.07096774
-111.83,30.57,CANAN,SON,El Can·n Son. REMAS*,22.40869565
-92.75,17.39,OXOTB,TAB,Oxolot·n Tab.,28.1
-91.48,17.43,BDCTB,TAB,Boca del Cerro Tab.,28.65517241
-92.97,17.57,TEATB,TAB,Teapa Tab.,31.65517241
-92.94,17.57,PUYTB,TAB,Puyacatengo Tab.,28.61111111
-92.6,17.77,MACTB,TAB,Macuspana Tab.,28.38
-93.38,18,CARTB,TAB,C·rdenas Tab.,28.23214286
-92.88,17.85,PNVTB,TAB,Pueblo Nuevo Tab.,28.75
-93,17.98,GONTB,TAB,Gonz·lez Tab.,28.92857143
-93.28,18,SAMTB,TAB,Samaria Tab.,27.92
-92.92,17.98,EMUTB,TAB,Villahermosa Muelle Tab.,29.588
-92.81,18.04,EPOTB,TAB,El Porvenir Tab.,28.91666667
-92.82,17.47,TAPTB,TAB,Tapijulapa Tab.,28.39285714
-91.16,17.79,SPTTB,TAB,San Pedro Tab.,30.01666667
-92.93,17.98,OBSTB,TAB,Observatorio de Villa Hermosa Tab.,29.948
-92.65,18.41,PCENTLA,TAB,Pantanos de Centla Tab. SMN*,30.01785714
-92.65,18.51,FRONTERA,TAB,Frontera Tres Brazos Tab. SGT*,28.74444444
-93.33,18.42,PARAISO,TAB,ParaÌso Tab. SMN*,28.7037037
-99.27,24.02,STETP,TAMPS,Santa Engracia Tamps.,25.54137931
-99.55,24.57,VSMTP,TAMPS,Victoria-San Marcos Tamps.,25.1137931
-99.15,23.05,GOMEZFARIAS,TAMPS,Gomez Farias Tamps. SGT*,24.82272727
-97.88,22.24,TMPTP,TAMPS,Tampico Tamps.,25.09615385
-97.84,22.28,MDRTP,TAMPS,Madero Tamps.,23.54545455
-97.93,22.39,BALTP,TAMPS,Bombas Altamira Tamps.,26.20833333
-98.42,22.42,TMSTP,TAMPS,TamesÌ Tamps.,25.8137931
-98.69,22.6,ERCTP,TAMPS,Estudiante Ramiro Caballero Dorantes Tamps.,25.46666667
-98.87,22.78,SDATP,TAMPS,Saca de Agua Tamps.,26.54666667
-98.71,22.8,MGSTP,TAMPS,MagiscatzÌn Dos Tamps.,25.36785714
-99.12,22.83,LSRTP,TAMPS,La Servilleta Tamps.,27.91666667
-99,22.85,RFRTP,TAMPS,RÌo FrÌo Tamps.,27.96428571
-98.79,22.94,SLZTP,TAMPS,Lic. Emilio Portes Gil Tamps.,23.01333333
-99.09,23.02,SBNTP,TAMPS,Sabinas Tamps.,28.02
-97.77,23.05,BTORDO,TAMPS,Barra del Tordo Tamps. SMN*,23.67916667
-98.79,23.08,SGBTP,TAMPS,San Gabriel Tamps.,26.15
-97.99,23.26,RSPTP,TAMPS,Rep˙blica EspaÒola Tamps.,24.68518519
-99.08,23.38,ENNTP,TAMPS,La Encantada Tamps.,24.75357143
-99.17,23.72,CVCTP,TAMPS,Observatorio de Ciudad Victoria Tamps.,27.01
-98.75,23.73,PDMTP,TAMPS,Paso de Molina Tamps.,26.78928571
-98.21,23.77,SLMTP,TAMPS,Soto la Marina Tamps.,27.04666667
-98.67,23.96,VGRTP,TAMPS,Vicente Guerrero Tamps.,26.62068966
-98.9,24.05,PADTP,TAMPS,Padilla Tamps.,26.02666667
-98.39,24.07,ABSTP,TAMPS,Abasolo Tamps.,26.23448276
-99.12,24.08,BR1TP,TAMPS,El Barretal Uno Tamps.,25.58275862
-99.22,24.1,BRRTP,TAMPS,El Barretal Tamps.,26.42413793
-98.9,24.14,PILTP,TAMPS,PilÛn Tamps.,26.33571429
-99.58,24.18,PVLTP,TAMPS,Puerto de Valles Tamps.,23.16785714
-99.56,24.25,PJMTP,TAMPS,Pedro JosÈ MÈndez Tamps.,24.0137931
-99.43,24.25,MHGTP,TAMPS,Miguel Hidalgo Tamps.,24.86071429
-99.55,24.57,MAGTP,TAMPS,Magueyes Tamps.,24.40333333
-98.16,24.84,FDOTP,TAMPS,San Fernando Tamps.,25.05
-97.82,25.64,CONTP,TAMPS,Control Tamps.,23.69230769
-97.8,25.7,VHMTP,TAMPS,Valle Hermoso Tamps.,24.37931034
-97.8,25.8,PANTP,TAMPS,Pueblo An·huac Tamps.,24.30357143
-97.52,25.83,MATTP,TAMPS,Matamoros Tamps.,24.51851852
-97.8,25.91,VCATP,TAMPS,Villa C·rdenas Tamps.,23.89285714
-98.29,26.08,RYATP,TAMPS,S-J-3-42 Reynosa Tamps.,23.61290323
-98.88,26.17,RYNTP,TAMPS,S-J-2-9 Reynosa Tamps.,23.69354839
-98.93,26.2,MRGTP,TAMPS,Marte R. GÛmez Tamps.,24.67741935
-98.6,26.24,CDOTP,TAMPS,S-J-2-18 Ciudad DÌaz Ordaz Tamps.,24.51724138
-99.19,23.73,CVTTP,TAMPS,Ciudad Victoria Tamps.,26.75862069
-99.15,22.99,AHLTP,TAMPS,Ahualulco Tamps.,26.61
-98.98,22.74,CIUDADMANTE,TAMPS,Ciudad Mante Tamps. SMN*,27.82580645
-99.38,23.41,JAUMAVE,TAMPS,Jaumave Tamps. SMN*,26.06
-99.13,23.73,CVICTORIAob,TAMPS,Observatorio de Ciudad Victoria Tamps.SMN*,27.648
-98.94,23.94,CORTP,TAMPS,Corona Tamps.,26.77857143
-98.84,26.31,SANJUAN2,TAMPS,San Juan Tamps. SGT*,24.725
-98.21,23.76,SOTOLAMARINAob,TAMPS,Observatorio de Soto La Marina Tamps. SMN*,26.77777778
-97.77,23.79,LAPESCAMAR,TAMPS,La Pesca Tamps. SEMAR*,24.11034483
-97.15,25.82,MATAMOROSMAR,TAMPS,Matamoros Tamps. SEMAR*,22.71333333
-97.52,25.88,MA2TP,TAMPS,Matamoros Tamps. SMN*,24.47142857
-97.91,19.2,ZITTL,TLAX,Zitlaltepec Tlax.,20.77419355
-98.24,19.22,ZACTL,TLAX,Zacatelco Tlax.,22.9516129
-97.77,19.3,CUATL,TLAX,Cuapiaxtla Tlax.,22.25806452
-98.23,19.32,TLAXCALAob,TLAX,Observatorio de Tlaxcala Tlax. SMN*,23.1875
-97.65,19.32,ECTTL,TLAX,El Carmen Tequexquitla Tlax.,21.4516129
-98.25,19.32,OBSTL,TLAX,Observatorio de Tlaxcala Tlax.,22.64482759
-98.2,19.56,SJATL,TLAX,San JosÈ Atlanga Tlax.,19.53870968
-98.56,19.59,CPPTL,TLAX,Calpulalpan Tlax.,20.89655172
-98.03,19.14,MALINCHEII,TLAX,La Malinche 2 Tlax. SMN*,19.34193548
-98.04,19.3,MALINCHEI,TLAX,La Malinche 1 Tlax. SMN*,15.94193548
-97.95,19.31,HUATL,TLAX,Huamantla Tlax. SMN*,21.37741935
-97.91,19.32,HMTTL,TLAX,Huamantla Tlax.,21.53333333
-98.1,19.4,APITL,TLAX,Apizaco Tlax.,21.69677419
-95.03,18.52,SONVC,VER,Sontecomapan Ver.,26.06896552
-96.97,19.45,TAPVC,VER,Tapachapan Ver.,21.56
-96.39,19.26,LOFVC,VER,Loma Fina Ver.,29.68965517
-96.95,19.23,TOTVC,VER,Totutla Ver.,21.48275862
-96.97,19.55,OTIVC,VER,Otilpan Ver.,19.57142857
-94.92,17.42,LPEVC,VER,Las Perlas Ver.,28.62
-95.03,17.43,JCRVC,VER,Jes˙s Carranza Ver.,27.85666667
-94.09,17.87,JDCVC,VER,San JosÈ del Carmen Ver.,27.19333333
-95.13,17.88,SJEVC,VER,San Juan Evangelista Ver.,29.10714286
-94.67,17.95,JALVC,VER,Jaltip·n Ver.,29.43478261
-94.4,18.1,COTVC,VER,Coatzacoalcos Ver.,28.06153846
-94.77,18.14,MNZVC,VER,Minzapan Ver.,26.28928571
-95.3,18.14,CTTVC,VER,Coatotolapan Ver.,28
-95.35,18.25,LAUVC,VER,Lauchapan Ver.,26.03448276
-95.56,18.27,GARVC,VER,Garro Ver.,29.39130435
-95.44,18.58,ARCVC,VER,¡ngel Rosario Cabada Ver.,27.38888889
-95.63,18.72,RALVC,VER,Radar Alvarado Ver.,26.98275862
-97.1,18.85,ORZVC,VER,Orizaba Ver.,22.84615385
-97.23,18.92,LGRVC,VER,Loma Grande Ver.,18.17241379
-96.11,19.15,VERVC,VER,Veracruz Ver.,28.08666667
-96.95,19.18,HTSVC,VER,Huatusco Ver.,20.89655172
-96.49,19.34,TAMVC,VER,Tamarindo Ver.,26.32142857
-96.37,19.36,CRDVC,VER,Cardel Ver.,27.64666667
-96.55,19.4,IDOVC,VER,Õdolos Ver.,28.43793103
-97.39,19.41,ZALVC,VER,Zalayeta Ver.,19.53333333
-96.94,19.45,COAVC,VER,Coatepec Ver.,23.06666667
-96.93,19.48,BRIVC,VER,Briones Ver.,19.52592593
-96.59,19.5,ACTVC,VER,Actopan Ver.,27.96551724
-96.92,19.53,XOBVC,VER,Observatorio de Xalapa Ver.,21.83666667
-96.85,19.55,XCFVC,VER,Xalapa CFE Ver.,20.6862069
-97.02,19.6,JOYVC,VER,La Joya Ver.,17.00333333
-97.1,19.65,LVRVC,VER,Las Vigas de RamÌrez Ver.,19.4516129
-96.87,19.65,NAOVC,VER,Naolinco Ver.,20.316
-96.84,19.7,ACAVC,VER,Acatl·n Ver.,18.24137931
-97.23,19.76,ALTVC,VER,Altotonga Ver.,17.51724138
-96.98,20.05,LIBVC,VER,Libertad Ver.,27.24444444
-97.05,20.07,MDTVC,VER,MartÌnez de la Torre Ver.,29.68181818
-98.48,20.53,HUYVC,VER,Huayacocotla Ver.,19.31034483
-97.48,20.54,PRCVC,VER,Poza Rica Ver.,25.73913043
-97.78,20.88,SBTVC,VER,Sombrerete Ver.,25.99285714
-97.68,20.93,ALAVC,VER,¡lamo Temapache Ver.,25.29166667
-97.4,20.96,TXPVC,VER,Tuxpan Ver.,25.65
-98.34,21.29,PSNVC,VER,PlatÛn S·nchez Ver.,25.125
-98.38,21.52,TMPVC,VER,Tempoal Ver.,28.07307692
-98.16,21.74,CHYVC,VER,Paso de Piedras Ver.,24.75416667
-98.44,21.78,HGOVC,VER,El Higo Ver.,28.23793103
-98.51,21.84,OLVVC,VER,El Olivo Ver.,26.73214286
-98.17,22.05,PNCVC,VER,P·nuco Ver.,24.47931034
-98.27,21.16,HLSVC,VER,Los Hules Ver.,27.43928571
-96.9,19.51,XALAPAob,VER,Observatorio de Xalapa Ver. SMN*,23.51176471
-94.16,17.57,TMOVC,VER,Tierra Morada Ver.,27.35185185
-95.52,18.63,NLTVC,VER,Naranjal Lerdo de Tejada Ver.,26.77777778
-97.24,19.58,PERVC,VER,Perote Ver.,17.67307692
-94.93,18.04,ACAYUCAN,VER,Acayucan Ver. SMN*,28.94193548
-94.33,18.11,LACVC,VER,La Cangrejera Ver. SMN*,29.32083333
-96.1,18.19,CDALEMAN,VER,Ciudad Alem·n Ver.*,27.92
-95.93,18.38,TUXTLASII,VER,Los Tuxtlas 2 Ver. SMN*,24.8047619
-95.07,18.58,TUXTLASI,VER,Los Tuxtlas 1 Ver. SMN*,20.72272727
-95.63,18.72,ALVVC,VER,Alvarado Ver. SMN*,26.43478261
-97.1,18.85,ORIZABAob,VER,Observatorio de Orizaba Ver. SMN*,22.94166667
-97.04,19.07,COSCOMATEPEC,VER,Coscomatepec CBT99 Ver. SMN*,21.69333333
-97.27,19.55,PEROTESMN,VER,Perote Ver. SMN*,19.35666667
-96.92,19.81,TNCVC,VER,Tenochtitl·n Ver.,26.55172414
-97.42,20.96,TUXPANob,VER,Observatorio de Tuxpan Ver. SMN*,25.684
-88.93,20.13,PETYC,YUC,Peto Yuc.,33.32258065
-89.39,20.29,OXKYC,YUC,Oxkutzcab Yuc.,28.56451613
-89.56,20.4,TICYC,YUC,Ticul Yuc.,28.87096774
-89.08,20.46,CANYC,YUC,Cantamayec Yuc.,29.68965517
-89.71,20.49,MUNYC,YUC,Muna Yuc.,30.88333333
-88.2,20.69,VALYC,YUC,Valladolid Yuc.,31.43666667
-89.83,20.75,CHOYC,YUC,Chochol· Yuc.,30.01724138
-89.64,20.94,FAEYC,YUC,Fuerza AÈrea Yuc.,30.79310345
-89.65,20.95,MEOYC,YUC,Observatorio de MÈrida Yuc.,30.52413793
-89.58,20.98,EZAYC,YUC,Emiliano Zapata Yuc.,29.85714286
-89.66,20.98,GARYC,YUC,Organismo de Cuenca PenÌnsula de Yucat·n Yuc.,30.22413793
-89.64,21.03,CICYC,YUC,Centro de InvestigaciÛn CientÌfica Yuc.,31.23333333
-87.99,21.16,TIZIMIN,YUC,TizimÌn Yuc. SMN*,30.21666667
-89.65,21.28,PROYC,YUC,Progreso Yuc.,29.19642857
-87.68,21.51,CYOYC,YUC,El Cuyo Yuc.,29.08333333
-88.16,21.57,RLAYC,YUC,RÌo Lagartos Yuc.,28.88333333
-89.64,21.05,FIYYC,YUC,Fiuady Yuc.,29.72580645
-88.17,21.16,TIZYC,YUC,TizimÌn Yuc.,29.15
-89.05,20.03,TANYC,YUC,TantaquÌn Yuc.,31.01666667
-89.22,19.88,BECYC,YUC,BecanchÈn Yuc.,29.6
-89.68,20.65,ABAYC,YUC,Abal· Yuc.,26.98064516
-90.38,20.86,CELYC,YUC,Celest˙n Yuc. SMN*,29.66551724
-89.44,21.11,MOCYC,YUC,Mococh· Yuc.,29.63333333
-89.5,21.08,CONYC,YUC,Conkal Yuc.,29.11290323
-89.05,20.03,TNTYC,YUC,TantaquÌn Yuc. SMN*,30.47333333
-89.29,21.09,MTOYC,YUC,Motul Yuc.,31.18333333
-89.65,21.3,PROGRESOob,YUC,Observatorio de Progreso Yuc. SMN*,29.26086957
-88.16,21.57,RILYC,YUC,RÌo Lagartos Yuc. SMN*,28.88666667
-103.51,24.29,SGOZC,ZAC,Santiago Zac.,12.21666667
-103.36,21.21,MORZC,ZAC,Mezquital del Oro Zac.,27.23333333
-102.85,21.36,NCTZC,ZAC,Nochistl·n Zac.,23.38709677
-103.34,21.59,VILZC,ZAC,JosÈ MarÌa Morelos Zac.,29.96774194
-103.35,21.65,EXCZC,ZAC,Miguel Alem·n Zac.,24.29032258
-102.9,21.71,PMOZC,ZAC,MoraleÒos Zac.,26.22580645
-103.31,21.77,TLLZC,ZAC,Tlaltenango Zac.,25.20967742
-103.46,21.81,ATGZC,ZAC,Atolinga Zac.,22.3137931
-102.9,22,CHIZC,ZAC,El Chique Zac.,25.68333333
-101.4,22.12,PINZC,ZAC,Pino Su·rez Zac.,20.51612903
-102.86,22.12,TAYZC,ZAC,Ing. Juli·n Adame Alatorre Zac.,23.83870968
-101.99,22.26,LORZC,ZAC,Loreto Zac.,22.69032258
-103.56,22.31,MRSZC,ZAC,Monte Escobedo Zac.,20
-101.72,22.35,VHGZC,ZAC,Villa Hidalgo Zac.,21.12258065
-102.8,22.35,PALZC,ZAC,Palomas Zac.,21.05555556
-103,22.64,JERZC,ZAC,Jerez Zac.,23.01612903
-102.04,22.67,ELSZC,ZAC,El Saladillo Zac.,20.91333333
-103.6,22.69,LFLZC,ZAC,La Florida Zac.,24.46666667
-102.51,22.75,GPEZC,ZAC,Guadalupe Zac.,20.36333333
-102.51,22.75,ZA2ZC,ZAC,Zacatecas Zac. SMN*,19.91935484
-102.58,22.76,ZACZC,ZAC,Zacatecas Zac.,18.56666667
-102.57,22.78,LBUZC,ZAC,La Bufa Zac.,15.87096774
-103.38,22.85,LOBZC,ZAC,Manuel Felgueres Zac.,21.68333333
-103.11,22.92,STRZC,ZAC,Santa Rosa Zac.,19.46774194
-102.66,23,LLBZC,ZAC,Llano Blanco Zac.,20.58064516
-102.89,23.17,FREZC,ZAC,Fresnillo Zac.,19.40322581
-103.22,23.18,LREZC,ZAC,Gobernador Leobardo Reynoso Zac.,20.31290323
-103.64,23.64,SOMZC,ZAC,Sombrerete Zac.,20.49666667
-103.1,23.69,ELCZC,ZAC,El Cazadero Zac.,21.06451613
-103.03,23.82,RGRZC,ZAC,RÌo Grande Zac.,20.45
-102.88,24.32,SFOZC,ZAC,San Francisco Zac.,26.84090909
-103.88,23.47,TCHZC,ZAC,Chalchihuites Zac.,19.20833333
-103.4,24.28,JALZC,ZAC,Juan Aldama Zac.,20.30769231
-103.5,22.33,STEZC,ZAC,Santa Teresa Zac.,21.58928571
-103.46,21.47,TGOZC,ZAC,Te˙l de Gonz·lez Ortega Zac.,23.075
-102.79,21.56,TLAZC,ZAC,Tlalchichila Zac.,21.14285714
-103.09,22.93,GJAZC,ZAC,General JoaquÌn Amaro Zac.,17.78571429
-103.11,21.4,JCHZC,ZAC,Juchipila Zac.,27.88888889
-102.25,22.44,LMOZC,ZAC,Luis Moya Zac.,21.67857143
-102.46,22.49,GRCZC,ZAC,Genaro Codina Zac.,19.51
-103.6,22.69,LAFLORIDA,ZAC,La Florida Zac. SMN*,23.06923077
-102.57,22.78,ZACATECASob,ZAC,Observatorio de Zacatecas Zac. SMN*,14.21904762
-102.27,22.58,OCAZC,ZAC,Ojo Caliente Zac.,14.57272727
